Sheet;Reference;MPN;Footprint;Component_Class;Symbol_ID;Symbol_Library_File;Footprint_File;Model_3D;Model_3D_Type;Component_PDF;Datasheet;Datasheet_URL;Supplier;Supplier_Order_Code;Supplier_URL;Supplier_Status;Supplier_Notes;Unit_Price_EUR;Price_Basis;Price_Qty;Price_Checked;Stock_Units;Stock_Checked
MCU.kicad_sch;C1;CL05A475MP5NRNC;Capacitor_SMD:C_0402_1005Metric;Composant achete;FC01_Project:MCU__C_Small;${KIPRJMOD}/composants/kicad/FC01_Project.kicad_sym;${KIPRJMOD}/composants/kicad/vendor/Capacitor_SMD.pretty/C_0402_1005Metric.kicad_mod;${KIPRJMOD}/composants/3d/C_0402_1005Metric.step;KiCad, geometrie generique du boitier;${KIPRJMOD}/composants/controle/CL05A475MP5NRNC.pdf;${KIPRJMOD}/composants/pdf/CL05A475MP5NRN.pdf;https://product.samsungsem.com/part/download.do?masterKey=CL05A475MP5NRN&type=specsheet;DigiKey France;1276-1482-1-ND;https://www.digikey.fr/en/products/detail/samsung-electro-mechanics/CL05A475MP5NRNC/3889568;Rupture au releve;"Relevé web; stock et prix variables.";0.09;EUR HT par piece, hors port;1;2026-09-27;0;2026-09-27
MCU.kicad_sch;C2;CL05B104KO5NNNC;Capacitor_SMD:C_0402_1005Metric;Composant achete;FC01_Project:MCU__C_Small;${KIPRJMOD}/composants/kicad/FC01_Project.kicad_sym;${KIPRJMOD}/composants/kicad/vendor/Capacitor_SMD.pretty/C_0402_1005Metric.kicad_mod;${KIPRJMOD}/composants/3d/C_0402_1005Metric.step;KiCad, geometrie generique du boitier;${KIPRJMOD}/composants/controle/CL05B104KO5NNNC.pdf;${KIPRJMOD}/composants/pdf/CL05B104KO5NNN.pdf;https://product.samsungsem.com/part/download.do?masterKey=CL05B104KO5NNN&type=specsheet;DigiKey France;1276-1001-1-ND;https://www.digikey.fr/fr/products/detail/samsung-electro-mechanics/CL05B104KO5NNNC/3889087;Stock positif au releve;"Relevé web; stock et prix variables.";0.09;EUR HT par piece, hors port;1;2026-09-27;103052;2026-09-27
MCU.kicad_sch;C3;CL05B104KO5NNNC;Capacitor_SMD:C_0402_1005Metric;Composant achete;FC01_Project:MCU__C_Small;${KIPRJMOD}/composants/kicad/FC01_Project.kicad_sym;${KIPRJMOD}/composants/kicad/vendor/Capacitor_SMD.pretty/C_0402_1005Metric.kicad_mod;${KIPRJMOD}/composants/3d/C_0402_1005Metric.step;KiCad, geometrie generique du boitier;${KIPRJMOD}/composants/controle/CL05B104KO5NNNC.pdf;${KIPRJMOD}/composants/pdf/CL05B104KO5NNN.pdf;https://product.samsungsem.com/part/download.do?masterKey=CL05B104KO5NNN&type=specsheet;DigiKey France;1276-1001-1-ND;https://www.digikey.fr/fr/products/detail/samsung-electro-mechanics/CL05B104KO5NNNC/3889087;Stock positif au releve;"Relevé web; stock et prix variables.";0.09;EUR HT par piece, hors port;1;2026-09-27;103052;2026-09-27
MCU.kicad_sch;C4;CL05B104KO5NNNC;Capacitor_SMD:C_0402_1005Metric;Composant achete;FC01_Project:MCU__C_Small;${KIPRJMOD}/composants/kicad/FC01_Project.kicad_sym;${KIPRJMOD}/composants/kicad/vendor/Capacitor_SMD.pretty/C_0402_1005Metric.kicad_mod;${KIPRJMOD}/composants/3d/C_0402_1005Metric.step;KiCad, geometrie generique du boitier;${KIPRJMOD}/composants/controle/CL05B104KO5NNNC.pdf;${KIPRJMOD}/composants/pdf/CL05B104KO5NNN.pdf;https://product.samsungsem.com/part/download.do?masterKey=CL05B104KO5NNN&type=specsheet;DigiKey France;1276-1001-1-ND;https://www.digikey.fr/fr/products/detail/samsung-electro-mechanics/CL05B104KO5NNNC/3889087;Stock positif au releve;"Relevé web; stock et prix variables.";0.09;EUR HT par piece, hors port;1;2026-09-27;103052;2026-09-27
MCU.kicad_sch;C5;CL05B104KO5NNNC;Capacitor_SMD:C_0402_1005Metric;Composant achete;FC01_Project:MCU__C_Small;${KIPRJMOD}/composants/kicad/FC01_Project.kicad_sym;${KIPRJMOD}/composants/kicad/vendor/Capacitor_SMD.pretty/C_0402_1005Metric.kicad_mod;${KIPRJMOD}/composants/3d/C_0402_1005Metric.step;KiCad, geometrie generique du boitier;${KIPRJMOD}/composants/controle/CL05B104KO5NNNC.pdf;${KIPRJMOD}/composants/pdf/CL05B104KO5NNN.pdf;https://product.samsungsem.com/part/download.do?masterKey=CL05B104KO5NNN&type=specsheet;DigiKey France;1276-1001-1-ND;https://www.digikey.fr/fr/products/detail/samsung-electro-mechanics/CL05B104KO5NNNC/3889087;Stock positif au releve;"Relevé web; stock et prix variables.";0.09;EUR HT par piece, hors port;1;2026-09-27;103052;2026-09-27
MCU.kicad_sch;C6;CL05B104KO5NNNC;Capacitor_SMD:C_0402_1005Metric;Composant achete;FC01_Project:MCU__C_Small;${KIPRJMOD}/composants/kicad/FC01_Project.kicad_sym;${KIPRJMOD}/composants/kicad/vendor/Capacitor_SMD.pretty/C_0402_1005Metric.kicad_mod;${KIPRJMOD}/composants/3d/C_0402_1005Metric.step;KiCad, geometrie generique du boitier;${KIPRJMOD}/composants/controle/CL05B104KO5NNNC.pdf;${KIPRJMOD}/composants/pdf/CL05B104KO5NNN.pdf;https://product.samsungsem.com/part/download.do?masterKey=CL05B104KO5NNN&type=specsheet;DigiKey France;1276-1001-1-ND;https://www.digikey.fr/fr/products/detail/samsung-electro-mechanics/CL05B104KO5NNNC/3889087;Stock positif au releve;"Relevé web; stock et prix variables.";0.09;EUR HT par piece, hors port;1;2026-09-27;103052;2026-09-27
MCU.kicad_sch;C7;C1005X5R1C225M050BC;Capacitor_SMD:C_0402_1005Metric;Composant achete;FC01_Project:MCU__C_Small;${KIPRJMOD}/composants/kicad/FC01_Project.kicad_sym;${KIPRJMOD}/composants/kicad/vendor/Capacitor_SMD.pretty/C_0402_1005Metric.kicad_mod;${KIPRJMOD}/composants/3d/C_0402_1005Metric.step;KiCad, geometrie generique du boitier;${KIPRJMOD}/composants/controle/C1005X5R1C225M050BC.pdf;${KIPRJMOD}/composants/pdf/TDK_C.pdf;https://product.tdk.com/system/files/dam/doc/product/capacitor/ceramic/mlcc/catalog/mlcc_commercial_general_en.pdf;Farnell France;2525017;https://fr.farnell.com/tdk/c1005x5r1c225m050bc/condensateur-2-2-f-16v-20-x5r/dp/2525017;Stock positif au releve;"Minimum et multiple 10; source indexee il y a 5 mois, stock actuel A RECONFIRMER; disponible jusqu a epuisement.";0.104;EUR HT par piece, hors port;10;2026-09-27;1310;2026-09-27
MCU.kicad_sch;C8;CL05B104KO5NNNC;Capacitor_SMD:C_0402_1005Metric;Composant achete;FC01_Project:MCU__C_Small;${KIPRJMOD}/composants/kicad/FC01_Project.kicad_sym;${KIPRJMOD}/composants/kicad/vendor/Capacitor_SMD.pretty/C_0402_1005Metric.kicad_mod;${KIPRJMOD}/composants/3d/C_0402_1005Metric.step;KiCad, geometrie generique du boitier;${KIPRJMOD}/composants/controle/CL05B104KO5NNNC.pdf;${KIPRJMOD}/composants/pdf/CL05B104KO5NNN.pdf;https://product.samsungsem.com/part/download.do?masterKey=CL05B104KO5NNN&type=specsheet;DigiKey France;1276-1001-1-ND;https://www.digikey.fr/fr/products/detail/samsung-electro-mechanics/CL05B104KO5NNNC/3889087;Stock positif au releve;"Relevé web; stock et prix variables.";0.09;EUR HT par piece, hors port;1;2026-09-27;103052;2026-09-27
MCU.kicad_sch;C9;CL05B104KO5NNNC;Capacitor_SMD:C_0402_1005Metric;Composant achete;FC01_Project:MCU__C_Small;${KIPRJMOD}/composants/kicad/FC01_Project.kicad_sym;${KIPRJMOD}/composants/kicad/vendor/Capacitor_SMD.pretty/C_0402_1005Metric.kicad_mod;${KIPRJMOD}/composants/3d/C_0402_1005Metric.step;KiCad, geometrie generique du boitier;${KIPRJMOD}/composants/controle/CL05B104KO5NNNC.pdf;${KIPRJMOD}/composants/pdf/CL05B104KO5NNN.pdf;https://product.samsungsem.com/part/download.do?masterKey=CL05B104KO5NNN&type=specsheet;DigiKey France;1276-1001-1-ND;https://www.digikey.fr/fr/products/detail/samsung-electro-mechanics/CL05B104KO5NNNC/3889087;Stock positif au releve;"Relevé web; stock et prix variables.";0.09;EUR HT par piece, hors port;1;2026-09-27;103052;2026-09-27
MCU.kicad_sch;C10;C1005X5R1C225M050BC;Capacitor_SMD:C_0402_1005Metric;Composant achete;FC01_Project:MCU__C_Small;${KIPRJMOD}/composants/kicad/FC01_Project.kicad_sym;${KIPRJMOD}/composants/kicad/vendor/Capacitor_SMD.pretty/C_0402_1005Metric.kicad_mod;${KIPRJMOD}/composants/3d/C_0402_1005Metric.step;KiCad, geometrie generique du boitier;${KIPRJMOD}/composants/controle/C1005X5R1C225M050BC.pdf;${KIPRJMOD}/composants/pdf/TDK_C.pdf;https://product.tdk.com/system/files/dam/doc/product/capacitor/ceramic/mlcc/catalog/mlcc_commercial_general_en.pdf;Farnell France;2525017;https://fr.farnell.com/tdk/c1005x5r1c225m050bc/condensateur-2-2-f-16v-20-x5r/dp/2525017;Stock positif au releve;"Minimum et multiple 10; source indexee il y a 5 mois, stock actuel A RECONFIRMER; disponible jusqu a epuisement.";0.104;EUR HT par piece, hors port;10;2026-09-27;1310;2026-09-27
MCU.kicad_sch;C11;CL05B104KO5NNNC;Capacitor_SMD:C_0402_1005Metric;Composant achete;FC01_Project:MCU__C_Small;${KIPRJMOD}/composants/kicad/FC01_Project.kicad_sym;${KIPRJMOD}/composants/kicad/vendor/Capacitor_SMD.pretty/C_0402_1005Metric.kicad_mod;${KIPRJMOD}/composants/3d/C_0402_1005Metric.step;KiCad, geometrie generique du boitier;${KIPRJMOD}/composants/controle/CL05B104KO5NNNC.pdf;${KIPRJMOD}/composants/pdf/CL05B104KO5NNN.pdf;https://product.samsungsem.com/part/download.do?masterKey=CL05B104KO5NNN&type=specsheet;DigiKey France;1276-1001-1-ND;https://www.digikey.fr/fr/products/detail/samsung-electro-mechanics/CL05B104KO5NNNC/3889087;Stock positif au releve;"Relevé web; stock et prix variables.";0.09;EUR HT par piece, hors port;1;2026-09-27;103052;2026-09-27
MCU.kicad_sch;C12;CL05B104KO5NNNC;Capacitor_SMD:C_0402_1005Metric;Composant achete;FC01_Project:MCU__C_Small;${KIPRJMOD}/composants/kicad/FC01_Project.kicad_sym;${KIPRJMOD}/composants/kicad/vendor/Capacitor_SMD.pretty/C_0402_1005Metric.kicad_mod;${KIPRJMOD}/composants/3d/C_0402_1005Metric.step;KiCad, geometrie generique du boitier;${KIPRJMOD}/composants/controle/CL05B104KO5NNNC.pdf;${KIPRJMOD}/composants/pdf/CL05B104KO5NNN.pdf;https://product.samsungsem.com/part/download.do?masterKey=CL05B104KO5NNN&type=specsheet;DigiKey France;1276-1001-1-ND;https://www.digikey.fr/fr/products/detail/samsung-electro-mechanics/CL05B104KO5NNNC/3889087;Stock positif au releve;"Relevé web; stock et prix variables.";0.09;EUR HT par piece, hors port;1;2026-09-27;103052;2026-09-27
MCU.kicad_sch;C14;CL05A105KA5NQNC;Capacitor_SMD:C_0402_1005Metric;Composant achete;FC01_Project:MCU__C_Small;${KIPRJMOD}/composants/kicad/FC01_Project.kicad_sym;${KIPRJMOD}/composants/kicad/vendor/Capacitor_SMD.pretty/C_0402_1005Metric.kicad_mod;${KIPRJMOD}/composants/3d/C_0402_1005Metric.step;KiCad, geometrie generique du boitier;${KIPRJMOD}/composants/controle/CL05A105KA5NQNC.pdf;${KIPRJMOD}/composants/pdf/CL05A105KA5NQN.pdf;https://product.samsungsem.com/part/download.do?masterKey=CL05A105KA5NQN&type=specsheet;DigiKey France;1276-1445-1-ND;https://www.digikey.fr/fr/products/detail/samsung-electro-mechanics/CL05A105KA5NQNC/3887103;Stock positif au releve;"Relevé web; stock et prix variables.";0.16;EUR HT par piece, hors port;1;2026-09-27;2318576;2026-09-27
MCU.kicad_sch;C15;CL05B104KO5NNNC;Capacitor_SMD:C_0402_1005Metric;Composant achete;FC01_Project:MCU__C_Small;${KIPRJMOD}/composants/kicad/FC01_Project.kicad_sym;${KIPRJMOD}/composants/kicad/vendor/Capacitor_SMD.pretty/C_0402_1005Metric.kicad_mod;${KIPRJMOD}/composants/3d/C_0402_1005Metric.step;KiCad, geometrie generique du boitier;${KIPRJMOD}/composants/controle/CL05B104KO5NNNC.pdf;${KIPRJMOD}/composants/pdf/CL05B104KO5NNN.pdf;https://product.samsungsem.com/part/download.do?masterKey=CL05B104KO5NNN&type=specsheet;DigiKey France;1276-1001-1-ND;https://www.digikey.fr/fr/products/detail/samsung-electro-mechanics/CL05B104KO5NNNC/3889087;Stock positif au releve;"Relevé web; stock et prix variables.";0.09;EUR HT par piece, hors port;1;2026-09-27;103052;2026-09-27
POWER.kicad_sch;C16;GRM21BR61H106KE43L;Capacitor_SMD:C_0805_2012Metric;Composant achete;FC01_Project:POWER__C_Small;${KIPRJMOD}/composants/kicad/FC01_Project.kicad_sym;${KIPRJMOD}/composants/kicad/vendor/Capacitor_SMD.pretty/C_0805_2012Metric.kicad_mod;${KIPRJMOD}/composants/3d/C_0805_2012Metric.step;KiCad, geometrie generique du boitier;${KIPRJMOD}/composants/controle/GRM21BR61H106KE43L.pdf;${KIPRJMOD}/composants/pdf/GRM21.pdf;https://www.mouser.com/datasheet/2/281/1/GRM21BR61H106KE43_01A-1986884.pdf;DigiKey France;490-18663-1-ND;https://www.digikey.fr/en/products/detail/murata-electronics/GRM21BR61H106KE43L/10326316;Rupture au releve;"Relevé web; stock et prix variables.";0.28;EUR HT par piece, hors port;1;2026-09-27;0;2026-09-27
POWER.kicad_sch;C17;GCM155R71H104KE02D;Capacitor_SMD:C_0402_1005Metric;Composant achete;FC01_Project:POWER__C_Small;${KIPRJMOD}/composants/kicad/FC01_Project.kicad_sym;${KIPRJMOD}/composants/kicad/vendor/Capacitor_SMD.pretty/C_0402_1005Metric.kicad_mod;${KIPRJMOD}/composants/3d/C_0402_1005Metric.step;KiCad, geometrie generique du boitier;${KIPRJMOD}/composants/controle/GCM155R71H104KE02D.pdf;${KIPRJMOD}/composants/pdf/GCM155.pdf;https://www.mouser.com/datasheet/2/281/murata_mlcc-1186242.pdf;DigiKey France;490-10672-1-ND;https://www.digikey.fr/fr/products/detail/murata-electronics/GCM155R71H104KE02D/5251433;Stock positif au releve;"Relevé web; stock et prix variables.";0.09;EUR HT par piece, hors port;1;2026-09-27;16172272;2026-09-27
POWER.kicad_sch;C18;GRM21BR61H106KE43L;Capacitor_SMD:C_0805_2012Metric;Composant achete;FC01_Project:POWER__C_Small;${KIPRJMOD}/composants/kicad/FC01_Project.kicad_sym;${KIPRJMOD}/composants/kicad/vendor/Capacitor_SMD.pretty/C_0805_2012Metric.kicad_mod;${KIPRJMOD}/composants/3d/C_0805_2012Metric.step;KiCad, geometrie generique du boitier;${KIPRJMOD}/composants/controle/GRM21BR61H106KE43L.pdf;${KIPRJMOD}/composants/pdf/GRM21.pdf;https://www.mouser.com/datasheet/2/281/1/GRM21BR61H106KE43_01A-1986884.pdf;DigiKey France;490-18663-1-ND;https://www.digikey.fr/en/products/detail/murata-electronics/GRM21BR61H106KE43L/10326316;Rupture au releve;"Relevé web; stock et prix variables.";0.28;EUR HT par piece, hors port;1;2026-09-27;0;2026-09-27
POWER.kicad_sch;C19;GCM155R71H104KE02D;Capacitor_SMD:C_0402_1005Metric;Composant achete;FC01_Project:POWER__C_Small;${KIPRJMOD}/composants/kicad/FC01_Project.kicad_sym;${KIPRJMOD}/composants/kicad/vendor/Capacitor_SMD.pretty/C_0402_1005Metric.kicad_mod;${KIPRJMOD}/composants/3d/C_0402_1005Metric.step;KiCad, geometrie generique du boitier;${KIPRJMOD}/composants/controle/GCM155R71H104KE02D.pdf;${KIPRJMOD}/composants/pdf/GCM155.pdf;https://www.mouser.com/datasheet/2/281/murata_mlcc-1186242.pdf;DigiKey France;490-10672-1-ND;https://www.digikey.fr/fr/products/detail/murata-electronics/GCM155R71H104KE02D/5251433;Stock positif au releve;"Relevé web; stock et prix variables.";0.09;EUR HT par piece, hors port;1;2026-09-27;16172272;2026-09-27
POWER.kicad_sch;C20;CL10A105KB8NNNC;Capacitor_SMD:C_0603_1608Metric;Composant achete;FC01_Project:POWER__C_Small;${KIPRJMOD}/composants/kicad/FC01_Project.kicad_sym;${KIPRJMOD}/composants/kicad/vendor/Capacitor_SMD.pretty/C_0603_1608Metric.kicad_mod;${KIPRJMOD}/composants/3d/C_0603_1608Metric.step;KiCad, geometrie generique du boitier;${KIPRJMOD}/composants/controle/CL10A105KB8NNNC.pdf;${KIPRJMOD}/composants/pdf/CL10A105KB8NNN.pdf;https://product.samsungsem.com/part/download.do?masterKey=CL10A105KB8NNN&type=specsheet;DigiKey France;1276-1860-1-ND;https://www.digikey.fr/fr/products/detail/samsung-electro-mechanics/CL10A105KB8NNNC/3887518;Stock positif au releve;"Relevé web; stock et prix variables.";0.12;EUR HT par piece, hors port;1;2026-09-27;1025442;2026-09-27
POWER.kicad_sch;C21;GCM155R71H104KE02D;Capacitor_SMD:C_0402_1005Metric;Composant achete;FC01_Project:POWER__C_Small;${KIPRJMOD}/composants/kicad/FC01_Project.kicad_sym;${KIPRJMOD}/composants/kicad/vendor/Capacitor_SMD.pretty/C_0402_1005Metric.kicad_mod;${KIPRJMOD}/composants/3d/C_0402_1005Metric.step;KiCad, geometrie generique du boitier;${KIPRJMOD}/composants/controle/GCM155R71H104KE02D.pdf;${KIPRJMOD}/composants/pdf/GCM155.pdf;https://www.mouser.com/datasheet/2/281/murata_mlcc-1186242.pdf;DigiKey France;490-10672-1-ND;https://www.digikey.fr/fr/products/detail/murata-electronics/GCM155R71H104KE02D/5251433;Stock positif au releve;"Relevé web; stock et prix variables.";0.09;EUR HT par piece, hors port;1;2026-09-27;16172272;2026-09-27
POWER.kicad_sch;C22;GCM155R71H104KE02D;Capacitor_SMD:C_0402_1005Metric;Composant achete;FC01_Project:POWER__C_Small;${KIPRJMOD}/composants/kicad/FC01_Project.kicad_sym;${KIPRJMOD}/composants/kicad/vendor/Capacitor_SMD.pretty/C_0402_1005Metric.kicad_mod;${KIPRJMOD}/composants/3d/C_0402_1005Metric.step;KiCad, geometrie generique du boitier;${KIPRJMOD}/composants/controle/GCM155R71H104KE02D.pdf;${KIPRJMOD}/composants/pdf/GCM155.pdf;https://www.mouser.com/datasheet/2/281/murata_mlcc-1186242.pdf;DigiKey France;490-10672-1-ND;https://www.digikey.fr/fr/products/detail/murata-electronics/GCM155R71H104KE02D/5251433;Stock positif au releve;"Relevé web; stock et prix variables.";0.09;EUR HT par piece, hors port;1;2026-09-27;16172272;2026-09-27
POWER.kicad_sch;C23;CL21A226MAYNNNE;Capacitor_SMD:C_0805_2012Metric;Composant achete;FC01_Project:POWER__C_Small;${KIPRJMOD}/composants/kicad/FC01_Project.kicad_sym;${KIPRJMOD}/composants/kicad/vendor/Capacitor_SMD.pretty/C_0805_2012Metric.kicad_mod;${KIPRJMOD}/composants/3d/C_0805_2012Metric.step;KiCad, geometrie generique du boitier;${KIPRJMOD}/composants/controle/CL21A226MAYNNNE.pdf;${KIPRJMOD}/composants/pdf/CL21A226MAYNNN.pdf;https://product.samsungsem.com/part/download.do?masterKey=CL21A226MAYNNN&type=specsheet;DigiKey France;1276-CL21A226MAYNNNECT-ND;https://www.digikey.fr/fr/products/detail/samsung-electro-mechanics/CL21A226MAYNNNE/10479857;Rupture au releve;"Relevé web; stock et prix variables.";0.27;EUR HT par piece, hors port;1;2026-09-27;0;2026-09-27
POWER.kicad_sch;C24;CL21A226MAYNNNE;Capacitor_SMD:C_0805_2012Metric;Composant achete;FC01_Project:POWER__C_Small;${KIPRJMOD}/composants/kicad/FC01_Project.kicad_sym;${KIPRJMOD}/composants/kicad/vendor/Capacitor_SMD.pretty/C_0805_2012Metric.kicad_mod;${KIPRJMOD}/composants/3d/C_0805_2012Metric.step;KiCad, geometrie generique du boitier;${KIPRJMOD}/composants/controle/CL21A226MAYNNNE.pdf;${KIPRJMOD}/composants/pdf/CL21A226MAYNNN.pdf;https://product.samsungsem.com/part/download.do?masterKey=CL21A226MAYNNN&type=specsheet;DigiKey France;1276-CL21A226MAYNNNECT-ND;https://www.digikey.fr/fr/products/detail/samsung-electro-mechanics/CL21A226MAYNNNE/10479857;Rupture au releve;"Relevé web; stock et prix variables.";0.27;EUR HT par piece, hors port;1;2026-09-27;0;2026-09-27
POWER.kicad_sch;C25;GCM155R71H104KE02D;Capacitor_SMD:C_0402_1005Metric;Composant achete;FC01_Project:POWER__C_Small;${KIPRJMOD}/composants/kicad/FC01_Project.kicad_sym;${KIPRJMOD}/composants/kicad/vendor/Capacitor_SMD.pretty/C_0402_1005Metric.kicad_mod;${KIPRJMOD}/composants/3d/C_0402_1005Metric.step;KiCad, geometrie generique du boitier;${KIPRJMOD}/composants/controle/GCM155R71H104KE02D.pdf;${KIPRJMOD}/composants/pdf/GCM155.pdf;https://www.mouser.com/datasheet/2/281/murata_mlcc-1186242.pdf;DigiKey France;490-10672-1-ND;https://www.digikey.fr/fr/products/detail/murata-electronics/GCM155R71H104KE02D/5251433;Stock positif au releve;"Relevé web; stock et prix variables.";0.09;EUR HT par piece, hors port;1;2026-09-27;16172272;2026-09-27
POWER.kicad_sch;C26;CL21A226MAYNNNE;Capacitor_SMD:C_0805_2012Metric;Composant achete;FC01_Project:POWER__C_Small;${KIPRJMOD}/composants/kicad/FC01_Project.kicad_sym;${KIPRJMOD}/composants/kicad/vendor/Capacitor_SMD.pretty/C_0805_2012Metric.kicad_mod;${KIPRJMOD}/composants/3d/C_0805_2012Metric.step;KiCad, geometrie generique du boitier;${KIPRJMOD}/composants/controle/CL21A226MAYNNNE.pdf;${KIPRJMOD}/composants/pdf/CL21A226MAYNNN.pdf;https://product.samsungsem.com/part/download.do?masterKey=CL21A226MAYNNN&type=specsheet;DigiKey France;1276-CL21A226MAYNNNECT-ND;https://www.digikey.fr/fr/products/detail/samsung-electro-mechanics/CL21A226MAYNNNE/10479857;Rupture au releve;"Relevé web; stock et prix variables.";0.27;EUR HT par piece, hors port;1;2026-09-27;0;2026-09-27
POWER.kicad_sch;C27;CL21A226MAYNNNE;Capacitor_SMD:C_0805_2012Metric;Composant achete;FC01_Project:POWER__C_Small;${KIPRJMOD}/composants/kicad/FC01_Project.kicad_sym;${KIPRJMOD}/composants/kicad/vendor/Capacitor_SMD.pretty/C_0805_2012Metric.kicad_mod;${KIPRJMOD}/composants/3d/C_0805_2012Metric.step;KiCad, geometrie generique du boitier;${KIPRJMOD}/composants/controle/CL21A226MAYNNNE.pdf;${KIPRJMOD}/composants/pdf/CL21A226MAYNNN.pdf;https://product.samsungsem.com/part/download.do?masterKey=CL21A226MAYNNN&type=specsheet;DigiKey France;1276-CL21A226MAYNNNECT-ND;https://www.digikey.fr/fr/products/detail/samsung-electro-mechanics/CL21A226MAYNNNE/10479857;Rupture au releve;"Relevé web; stock et prix variables.";0.27;EUR HT par piece, hors port;1;2026-09-27;0;2026-09-27
POWER.kicad_sch;C28;GCM155R71H104KE02D;Capacitor_SMD:C_0402_1005Metric;Composant achete;FC01_Project:POWER__C_Small;${KIPRJMOD}/composants/kicad/FC01_Project.kicad_sym;${KIPRJMOD}/composants/kicad/vendor/Capacitor_SMD.pretty/C_0402_1005Metric.kicad_mod;${KIPRJMOD}/composants/3d/C_0402_1005Metric.step;KiCad, geometrie generique du boitier;${KIPRJMOD}/composants/controle/GCM155R71H104KE02D.pdf;${KIPRJMOD}/composants/pdf/GCM155.pdf;https://www.mouser.com/datasheet/2/281/murata_mlcc-1186242.pdf;DigiKey France;490-10672-1-ND;https://www.digikey.fr/fr/products/detail/murata-electronics/GCM155R71H104KE02D/5251433;Stock positif au releve;"Relevé web; stock et prix variables.";0.09;EUR HT par piece, hors port;1;2026-09-27;16172272;2026-09-27
POWER.kicad_sch;C29;CL10A475KO8NNNC;Capacitor_SMD:C_0603_1608Metric;Composant achete;FC01_Project:POWER__C_Small;${KIPRJMOD}/composants/kicad/FC01_Project.kicad_sym;${KIPRJMOD}/composants/kicad/vendor/Capacitor_SMD.pretty/C_0603_1608Metric.kicad_mod;${KIPRJMOD}/composants/3d/C_0603_1608Metric.step;KiCad, geometrie generique du boitier;${KIPRJMOD}/composants/controle/CL10A475KO8NNNC.pdf;${KIPRJMOD}/composants/pdf/CL10A475KO8NNN.pdf;https://product.samsungsem.com/part/download.do?masterKey=CL10A475KO8NNN&type=specsheet;DigiKey France;1276-1784-1-ND;https://www.digikey.fr/fr/products/detail/samsung-electro-mechanics/CL10A475KO8NNNC/3887442;Stock positif au releve;"Relevé web; stock et prix variables.";0.12;EUR HT par piece, hors port;1;2026-09-27;1213;2026-09-27
POWER.kicad_sch;C30;CL10A475KO8NNNC;Capacitor_SMD:C_0603_1608Metric;Composant achete;FC01_Project:POWER__C_Small;${KIPRJMOD}/composants/kicad/FC01_Project.kicad_sym;${KIPRJMOD}/composants/kicad/vendor/Capacitor_SMD.pretty/C_0603_1608Metric.kicad_mod;${KIPRJMOD}/composants/3d/C_0603_1608Metric.step;KiCad, geometrie generique du boitier;${KIPRJMOD}/composants/controle/CL10A475KO8NNNC.pdf;${KIPRJMOD}/composants/pdf/CL10A475KO8NNN.pdf;https://product.samsungsem.com/part/download.do?masterKey=CL10A475KO8NNN&type=specsheet;DigiKey France;1276-1784-1-ND;https://www.digikey.fr/fr/products/detail/samsung-electro-mechanics/CL10A475KO8NNNC/3887442;Stock positif au releve;"Relevé web; stock et prix variables.";0.12;EUR HT par piece, hors port;1;2026-09-27;1213;2026-09-27
POWER.kicad_sch;C31;CL10A475KO8NNNC;Capacitor_SMD:C_0603_1608Metric;Composant achete;FC01_Project:POWER__C_Small;${KIPRJMOD}/composants/kicad/FC01_Project.kicad_sym;${KIPRJMOD}/composants/kicad/vendor/Capacitor_SMD.pretty/C_0603_1608Metric.kicad_mod;${KIPRJMOD}/composants/3d/C_0603_1608Metric.step;KiCad, geometrie generique du boitier;${KIPRJMOD}/composants/controle/CL10A475KO8NNNC.pdf;${KIPRJMOD}/composants/pdf/CL10A475KO8NNN.pdf;https://product.samsungsem.com/part/download.do?masterKey=CL10A475KO8NNN&type=specsheet;DigiKey France;1276-1784-1-ND;https://www.digikey.fr/fr/products/detail/samsung-electro-mechanics/CL10A475KO8NNNC/3887442;Stock positif au releve;"Relevé web; stock et prix variables.";0.12;EUR HT par piece, hors port;1;2026-09-27;1213;2026-09-27
POWER.kicad_sch;C32;CL10A475KO8NNNC;Capacitor_SMD:C_0603_1608Metric;Composant achete;FC01_Project:POWER__C_Small;${KIPRJMOD}/composants/kicad/FC01_Project.kicad_sym;${KIPRJMOD}/composants/kicad/vendor/Capacitor_SMD.pretty/C_0603_1608Metric.kicad_mod;${KIPRJMOD}/composants/3d/C_0603_1608Metric.step;KiCad, geometrie generique du boitier;${KIPRJMOD}/composants/controle/CL10A475KO8NNNC.pdf;${KIPRJMOD}/composants/pdf/CL10A475KO8NNN.pdf;https://product.samsungsem.com/part/download.do?masterKey=CL10A475KO8NNN&type=specsheet;DigiKey France;1276-1784-1-ND;https://www.digikey.fr/fr/products/detail/samsung-electro-mechanics/CL10A475KO8NNNC/3887442;Stock positif au releve;"Relevé web; stock et prix variables.";0.12;EUR HT par piece, hors port;1;2026-09-27;1213;2026-09-27
ANALOG_SENS.kicad_sch;C33;CL05B104KO5NNNC;Capacitor_SMD:C_0402_1005Metric;Composant achete;FC01_Project:ANALOG_SENS__C_Small;${KIPRJMOD}/composants/kicad/FC01_Project.kicad_sym;${KIPRJMOD}/composants/kicad/vendor/Capacitor_SMD.pretty/C_0402_1005Metric.kicad_mod;${KIPRJMOD}/composants/3d/C_0402_1005Metric.step;KiCad, geometrie generique du boitier;${KIPRJMOD}/composants/controle/CL05B104KO5NNNC.pdf;${KIPRJMOD}/composants/pdf/CL05B104KO5NNN.pdf;https://product.samsungsem.com/part/download.do?masterKey=CL05B104KO5NNN&type=specsheet;DigiKey France;1276-1001-1-ND;https://www.digikey.fr/fr/products/detail/samsung-electro-mechanics/CL05B104KO5NNNC/3889087;Stock positif au releve;"Relevé web; stock et prix variables.";0.09;EUR HT par piece, hors port;1;2026-09-27;103052;2026-09-27
ANALOG_SENS.kicad_sch;C34;CL05B104KO5NNNC;Capacitor_SMD:C_0402_1005Metric;Composant achete;FC01_Project:ANALOG_SENS__C_Small;${KIPRJMOD}/composants/kicad/FC01_Project.kicad_sym;${KIPRJMOD}/composants/kicad/vendor/Capacitor_SMD.pretty/C_0402_1005Metric.kicad_mod;${KIPRJMOD}/composants/3d/C_0402_1005Metric.step;KiCad, geometrie generique du boitier;${KIPRJMOD}/composants/controle/CL05B104KO5NNNC.pdf;${KIPRJMOD}/composants/pdf/CL05B104KO5NNN.pdf;https://product.samsungsem.com/part/download.do?masterKey=CL05B104KO5NNN&type=specsheet;DigiKey France;1276-1001-1-ND;https://www.digikey.fr/fr/products/detail/samsung-electro-mechanics/CL05B104KO5NNNC/3889087;Stock positif au releve;"Relevé web; stock et prix variables.";0.09;EUR HT par piece, hors port;1;2026-09-27;103052;2026-09-27
ANALOG_SENS.kicad_sch;C35;CL05B104KO5NNNC;Capacitor_SMD:C_0402_1005Metric;Composant achete;FC01_Project:ANALOG_SENS__C_Small;${KIPRJMOD}/composants/kicad/FC01_Project.kicad_sym;${KIPRJMOD}/composants/kicad/vendor/Capacitor_SMD.pretty/C_0402_1005Metric.kicad_mod;${KIPRJMOD}/composants/3d/C_0402_1005Metric.step;KiCad, geometrie generique du boitier;${KIPRJMOD}/composants/controle/CL05B104KO5NNNC.pdf;${KIPRJMOD}/composants/pdf/CL05B104KO5NNN.pdf;https://product.samsungsem.com/part/download.do?masterKey=CL05B104KO5NNN&type=specsheet;DigiKey France;1276-1001-1-ND;https://www.digikey.fr/fr/products/detail/samsung-electro-mechanics/CL05B104KO5NNNC/3889087;Stock positif au releve;"Relevé web; stock et prix variables.";0.09;EUR HT par piece, hors port;1;2026-09-27;103052;2026-09-27
UART_I2C.kicad_sch;C36;CL05B104KO5NNNC;Capacitor_SMD:C_0402_1005Metric;Composant achete;FC01_Project:UART_I2C__C_Small;${KIPRJMOD}/composants/kicad/FC01_Project.kicad_sym;${KIPRJMOD}/composants/kicad/vendor/Capacitor_SMD.pretty/C_0402_1005Metric.kicad_mod;${KIPRJMOD}/composants/3d/C_0402_1005Metric.step;KiCad, geometrie generique du boitier;${KIPRJMOD}/composants/controle/CL05B104KO5NNNC.pdf;${KIPRJMOD}/composants/pdf/CL05B104KO5NNN.pdf;https://product.samsungsem.com/part/download.do?masterKey=CL05B104KO5NNN&type=specsheet;DigiKey France;1276-1001-1-ND;https://www.digikey.fr/fr/products/detail/samsung-electro-mechanics/CL05B104KO5NNNC/3889087;Stock positif au releve;"Relevé web; stock et prix variables.";0.09;EUR HT par piece, hors port;1;2026-09-27;103052;2026-09-27
UART_I2C.kicad_sch;C37;GRM21BR61H106KE43L;Capacitor_SMD:C_0805_2012Metric;Composant achete;FC01_Project:UART_I2C__C_Small;${KIPRJMOD}/composants/kicad/FC01_Project.kicad_sym;${KIPRJMOD}/composants/kicad/vendor/Capacitor_SMD.pretty/C_0805_2012Metric.kicad_mod;${KIPRJMOD}/composants/3d/C_0805_2012Metric.step;KiCad, geometrie generique du boitier;${KIPRJMOD}/composants/controle/GRM21BR61H106KE43L.pdf;${KIPRJMOD}/composants/pdf/GRM21.pdf;https://www.mouser.com/datasheet/2/281/1/GRM21BR61H106KE43_01A-1986884.pdf;DigiKey France;490-18663-1-ND;https://www.digikey.fr/en/products/detail/murata-electronics/GRM21BR61H106KE43L/10326316;Rupture au releve;"Relevé web; stock et prix variables.";0.28;EUR HT par piece, hors port;1;2026-09-27;0;2026-09-27
UART_I2C.kicad_sch;C38;CL05B104KO5NNNC;Capacitor_SMD:C_0402_1005Metric;Composant achete;FC01_Project:UART_I2C__C_Small;${KIPRJMOD}/composants/kicad/FC01_Project.kicad_sym;${KIPRJMOD}/composants/kicad/vendor/Capacitor_SMD.pretty/C_0402_1005Metric.kicad_mod;${KIPRJMOD}/composants/3d/C_0402_1005Metric.step;KiCad, geometrie generique du boitier;${KIPRJMOD}/composants/controle/CL05B104KO5NNNC.pdf;${KIPRJMOD}/composants/pdf/CL05B104KO5NNN.pdf;https://product.samsungsem.com/part/download.do?masterKey=CL05B104KO5NNN&type=specsheet;DigiKey France;1276-1001-1-ND;https://www.digikey.fr/fr/products/detail/samsung-electro-mechanics/CL05B104KO5NNNC/3889087;Stock positif au releve;"Relevé web; stock et prix variables.";0.09;EUR HT par piece, hors port;1;2026-09-27;103052;2026-09-27
UART_I2C.kicad_sch;C39;CL05B104KO5NNNC;Capacitor_SMD:C_0402_1005Metric;Composant achete;FC01_Project:UART_I2C__C_Small;${KIPRJMOD}/composants/kicad/FC01_Project.kicad_sym;${KIPRJMOD}/composants/kicad/vendor/Capacitor_SMD.pretty/C_0402_1005Metric.kicad_mod;${KIPRJMOD}/composants/3d/C_0402_1005Metric.step;KiCad, geometrie generique du boitier;${KIPRJMOD}/composants/controle/CL05B104KO5NNNC.pdf;${KIPRJMOD}/composants/pdf/CL05B104KO5NNN.pdf;https://product.samsungsem.com/part/download.do?masterKey=CL05B104KO5NNN&type=specsheet;DigiKey France;1276-1001-1-ND;https://www.digikey.fr/fr/products/detail/samsung-electro-mechanics/CL05B104KO5NNNC/3889087;Stock positif au releve;"Relevé web; stock et prix variables.";0.09;EUR HT par piece, hors port;1;2026-09-27;103052;2026-09-27
UART_I2C.kicad_sch;C40;CL05B104KO5NNNC;Capacitor_SMD:C_0402_1005Metric;Composant achete;FC01_Project:UART_I2C__C_Small;${KIPRJMOD}/composants/kicad/FC01_Project.kicad_sym;${KIPRJMOD}/composants/kicad/vendor/Capacitor_SMD.pretty/C_0402_1005Metric.kicad_mod;${KIPRJMOD}/composants/3d/C_0402_1005Metric.step;KiCad, geometrie generique du boitier;${KIPRJMOD}/composants/controle/CL05B104KO5NNNC.pdf;${KIPRJMOD}/composants/pdf/CL05B104KO5NNN.pdf;https://product.samsungsem.com/part/download.do?masterKey=CL05B104KO5NNN&type=specsheet;DigiKey France;1276-1001-1-ND;https://www.digikey.fr/fr/products/detail/samsung-electro-mechanics/CL05B104KO5NNNC/3889087;Stock positif au releve;"Relevé web; stock et prix variables.";0.09;EUR HT par piece, hors port;1;2026-09-27;103052;2026-09-27
UART_I2C.kicad_sch;C41;CL05B104KO5NNNC;Capacitor_SMD:C_0402_1005Metric;Composant achete;FC01_Project:UART_I2C__C_Small;${KIPRJMOD}/composants/kicad/FC01_Project.kicad_sym;${KIPRJMOD}/composants/kicad/vendor/Capacitor_SMD.pretty/C_0402_1005Metric.kicad_mod;${KIPRJMOD}/composants/3d/C_0402_1005Metric.step;KiCad, geometrie generique du boitier;${KIPRJMOD}/composants/controle/CL05B104KO5NNNC.pdf;${KIPRJMOD}/composants/pdf/CL05B104KO5NNN.pdf;https://product.samsungsem.com/part/download.do?masterKey=CL05B104KO5NNN&type=specsheet;DigiKey France;1276-1001-1-ND;https://www.digikey.fr/fr/products/detail/samsung-electro-mechanics/CL05B104KO5NNNC/3889087;Stock positif au releve;"Relevé web; stock et prix variables.";0.09;EUR HT par piece, hors port;1;2026-09-27;103052;2026-09-27
CAN.kicad_sch;C42;CL05B104KO5NNNC;Capacitor_SMD:C_0402_1005Metric;Composant achete;FC01_Project:CAN__C_Small;${KIPRJMOD}/composants/kicad/FC01_Project.kicad_sym;${KIPRJMOD}/composants/kicad/vendor/Capacitor_SMD.pretty/C_0402_1005Metric.kicad_mod;${KIPRJMOD}/composants/3d/C_0402_1005Metric.step;KiCad, geometrie generique du boitier;${KIPRJMOD}/composants/controle/CL05B104KO5NNNC.pdf;${KIPRJMOD}/composants/pdf/CL05B104KO5NNN.pdf;https://product.samsungsem.com/part/download.do?masterKey=CL05B104KO5NNN&type=specsheet;DigiKey France;1276-1001-1-ND;https://www.digikey.fr/fr/products/detail/samsung-electro-mechanics/CL05B104KO5NNNC/3889087;Stock positif au releve;"Relevé web; stock et prix variables.";0.09;EUR HT par piece, hors port;1;2026-09-27;103052;2026-09-27
CAN.kicad_sch;C43;CL05B104KO5NNNC;Capacitor_SMD:C_0402_1005Metric;Composant achete;FC01_Project:CAN__C_Small;${KIPRJMOD}/composants/kicad/FC01_Project.kicad_sym;${KIPRJMOD}/composants/kicad/vendor/Capacitor_SMD.pretty/C_0402_1005Metric.kicad_mod;${KIPRJMOD}/composants/3d/C_0402_1005Metric.step;KiCad, geometrie generique du boitier;${KIPRJMOD}/composants/controle/CL05B104KO5NNNC.pdf;${KIPRJMOD}/composants/pdf/CL05B104KO5NNN.pdf;https://product.samsungsem.com/part/download.do?masterKey=CL05B104KO5NNN&type=specsheet;DigiKey France;1276-1001-1-ND;https://www.digikey.fr/fr/products/detail/samsung-electro-mechanics/CL05B104KO5NNNC/3889087;Stock positif au releve;"Relevé web; stock et prix variables.";0.09;EUR HT par piece, hors port;1;2026-09-27;103052;2026-09-27
SENSORS.kicad_sch;C44;CL05A475MP5NRNC;Capacitor_SMD:C_0402_1005Metric;Composant achete;FC01_Project:SENSORS__C_Small;${KIPRJMOD}/composants/kicad/FC01_Project.kicad_sym;${KIPRJMOD}/composants/kicad/vendor/Capacitor_SMD.pretty/C_0402_1005Metric.kicad_mod;${KIPRJMOD}/composants/3d/C_0402_1005Metric.step;KiCad, geometrie generique du boitier;${KIPRJMOD}/composants/controle/CL05A475MP5NRNC.pdf;${KIPRJMOD}/composants/pdf/CL05A475MP5NRN.pdf;https://product.samsungsem.com/part/download.do?masterKey=CL05A475MP5NRN&type=specsheet;DigiKey France;1276-1482-1-ND;https://www.digikey.fr/en/products/detail/samsung-electro-mechanics/CL05A475MP5NRNC/3889568;Rupture au releve;"Relevé web; stock et prix variables.";0.09;EUR HT par piece, hors port;1;2026-09-27;0;2026-09-27
SENSORS.kicad_sch;C45;CL05A475MP5NRNC;Capacitor_SMD:C_0402_1005Metric;Composant achete;FC01_Project:SENSORS__C_Small;${KIPRJMOD}/composants/kicad/FC01_Project.kicad_sym;${KIPRJMOD}/composants/kicad/vendor/Capacitor_SMD.pretty/C_0402_1005Metric.kicad_mod;${KIPRJMOD}/composants/3d/C_0402_1005Metric.step;KiCad, geometrie generique du boitier;${KIPRJMOD}/composants/controle/CL05A475MP5NRNC.pdf;${KIPRJMOD}/composants/pdf/CL05A475MP5NRN.pdf;https://product.samsungsem.com/part/download.do?masterKey=CL05A475MP5NRN&type=specsheet;DigiKey France;1276-1482-1-ND;https://www.digikey.fr/en/products/detail/samsung-electro-mechanics/CL05A475MP5NRNC/3889568;Rupture au releve;"Relevé web; stock et prix variables.";0.09;EUR HT par piece, hors port;1;2026-09-27;0;2026-09-27
SENSORS.kicad_sch;C46;CL05A475MP5NRNC;Capacitor_SMD:C_0402_1005Metric;Composant achete;FC01_Project:SENSORS__C_Small;${KIPRJMOD}/composants/kicad/FC01_Project.kicad_sym;${KIPRJMOD}/composants/kicad/vendor/Capacitor_SMD.pretty/C_0402_1005Metric.kicad_mod;${KIPRJMOD}/composants/3d/C_0402_1005Metric.step;KiCad, geometrie generique du boitier;${KIPRJMOD}/composants/controle/CL05A475MP5NRNC.pdf;${KIPRJMOD}/composants/pdf/CL05A475MP5NRN.pdf;https://product.samsungsem.com/part/download.do?masterKey=CL05A475MP5NRN&type=specsheet;DigiKey France;1276-1482-1-ND;https://www.digikey.fr/en/products/detail/samsung-electro-mechanics/CL05A475MP5NRNC/3889568;Rupture au releve;"Relevé web; stock et prix variables.";0.09;EUR HT par piece, hors port;1;2026-09-27;0;2026-09-27
SENSORS.kicad_sch;C47;CL05B104KO5NNNC;Capacitor_SMD:C_0402_1005Metric;Composant achete;FC01_Project:SENSORS__C_Small;${KIPRJMOD}/composants/kicad/FC01_Project.kicad_sym;${KIPRJMOD}/composants/kicad/vendor/Capacitor_SMD.pretty/C_0402_1005Metric.kicad_mod;${KIPRJMOD}/composants/3d/C_0402_1005Metric.step;KiCad, geometrie generique du boitier;${KIPRJMOD}/composants/controle/CL05B104KO5NNNC.pdf;${KIPRJMOD}/composants/pdf/CL05B104KO5NNN.pdf;https://product.samsungsem.com/part/download.do?masterKey=CL05B104KO5NNN&type=specsheet;DigiKey France;1276-1001-1-ND;https://www.digikey.fr/fr/products/detail/samsung-electro-mechanics/CL05B104KO5NNNC/3889087;Stock positif au releve;"Relevé web; stock et prix variables.";0.09;EUR HT par piece, hors port;1;2026-09-27;103052;2026-09-27
SENSORS.kicad_sch;C48;CL05B104KO5NNNC;Capacitor_SMD:C_0402_1005Metric;Composant achete;FC01_Project:SENSORS__C_Small;${KIPRJMOD}/composants/kicad/FC01_Project.kicad_sym;${KIPRJMOD}/composants/kicad/vendor/Capacitor_SMD.pretty/C_0402_1005Metric.kicad_mod;${KIPRJMOD}/composants/3d/C_0402_1005Metric.step;KiCad, geometrie generique du boitier;${KIPRJMOD}/composants/controle/CL05B104KO5NNNC.pdf;${KIPRJMOD}/composants/pdf/CL05B104KO5NNN.pdf;https://product.samsungsem.com/part/download.do?masterKey=CL05B104KO5NNN&type=specsheet;DigiKey France;1276-1001-1-ND;https://www.digikey.fr/fr/products/detail/samsung-electro-mechanics/CL05B104KO5NNNC/3889087;Stock positif au releve;"Relevé web; stock et prix variables.";0.09;EUR HT par piece, hors port;1;2026-09-27;103052;2026-09-27
SENSORS.kicad_sch;C49;CL05B104KO5NNNC;Capacitor_SMD:C_0402_1005Metric;Composant achete;FC01_Project:SENSORS__C_Small;${KIPRJMOD}/composants/kicad/FC01_Project.kicad_sym;${KIPRJMOD}/composants/kicad/vendor/Capacitor_SMD.pretty/C_0402_1005Metric.kicad_mod;${KIPRJMOD}/composants/3d/C_0402_1005Metric.step;KiCad, geometrie generique du boitier;${KIPRJMOD}/composants/controle/CL05B104KO5NNNC.pdf;${KIPRJMOD}/composants/pdf/CL05B104KO5NNN.pdf;https://product.samsungsem.com/part/download.do?masterKey=CL05B104KO5NNN&type=specsheet;DigiKey France;1276-1001-1-ND;https://www.digikey.fr/fr/products/detail/samsung-electro-mechanics/CL05B104KO5NNNC/3889087;Stock positif au releve;"Relevé web; stock et prix variables.";0.09;EUR HT par piece, hors port;1;2026-09-27;103052;2026-09-27
SENSORS.kicad_sch;C50;CL05B104KO5NNNC;Capacitor_SMD:C_0402_1005Metric;Composant achete;FC01_Project:SENSORS__C_Small;${KIPRJMOD}/composants/kicad/FC01_Project.kicad_sym;${KIPRJMOD}/composants/kicad/vendor/Capacitor_SMD.pretty/C_0402_1005Metric.kicad_mod;${KIPRJMOD}/composants/3d/C_0402_1005Metric.step;KiCad, geometrie generique du boitier;${KIPRJMOD}/composants/controle/CL05B104KO5NNNC.pdf;${KIPRJMOD}/composants/pdf/CL05B104KO5NNN.pdf;https://product.samsungsem.com/part/download.do?masterKey=CL05B104KO5NNN&type=specsheet;DigiKey France;1276-1001-1-ND;https://www.digikey.fr/fr/products/detail/samsung-electro-mechanics/CL05B104KO5NNNC/3889087;Stock positif au releve;"Relevé web; stock et prix variables.";0.09;EUR HT par piece, hors port;1;2026-09-27;103052;2026-09-27
SENSORS.kicad_sch;C51;CL05B104KO5NNNC;Capacitor_SMD:C_0402_1005Metric;Composant achete;FC01_Project:SENSORS__C_Small;${KIPRJMOD}/composants/kicad/FC01_Project.kicad_sym;${KIPRJMOD}/composants/kicad/vendor/Capacitor_SMD.pretty/C_0402_1005Metric.kicad_mod;${KIPRJMOD}/composants/3d/C_0402_1005Metric.step;KiCad, geometrie generique du boitier;${KIPRJMOD}/composants/controle/CL05B104KO5NNNC.pdf;${KIPRJMOD}/composants/pdf/CL05B104KO5NNN.pdf;https://product.samsungsem.com/part/download.do?masterKey=CL05B104KO5NNN&type=specsheet;DigiKey France;1276-1001-1-ND;https://www.digikey.fr/fr/products/detail/samsung-electro-mechanics/CL05B104KO5NNNC/3889087;Stock positif au releve;"Relevé web; stock et prix variables.";0.09;EUR HT par piece, hors port;1;2026-09-27;103052;2026-09-27
SENSORS.kicad_sch;C52;CL05B104KO5NNNC;Capacitor_SMD:C_0402_1005Metric;Composant achete;FC01_Project:SENSORS__C_Small;${KIPRJMOD}/composants/kicad/FC01_Project.kicad_sym;${KIPRJMOD}/composants/kicad/vendor/Capacitor_SMD.pretty/C_0402_1005Metric.kicad_mod;${KIPRJMOD}/composants/3d/C_0402_1005Metric.step;KiCad, geometrie generique du boitier;${KIPRJMOD}/composants/controle/CL05B104KO5NNNC.pdf;${KIPRJMOD}/composants/pdf/CL05B104KO5NNN.pdf;https://product.samsungsem.com/part/download.do?masterKey=CL05B104KO5NNN&type=specsheet;DigiKey France;1276-1001-1-ND;https://www.digikey.fr/fr/products/detail/samsung-electro-mechanics/CL05B104KO5NNNC/3889087;Stock positif au releve;"Relevé web; stock et prix variables.";0.09;EUR HT par piece, hors port;1;2026-09-27;103052;2026-09-27
SENSORS.kicad_sch;C53;CL05B104KO5NNNC;Capacitor_SMD:C_0402_1005Metric;Composant achete;FC01_Project:SENSORS__C_Small;${KIPRJMOD}/composants/kicad/FC01_Project.kicad_sym;${KIPRJMOD}/composants/kicad/vendor/Capacitor_SMD.pretty/C_0402_1005Metric.kicad_mod;${KIPRJMOD}/composants/3d/C_0402_1005Metric.step;KiCad, geometrie generique du boitier;${KIPRJMOD}/composants/controle/CL05B104KO5NNNC.pdf;${KIPRJMOD}/composants/pdf/CL05B104KO5NNN.pdf;https://product.samsungsem.com/part/download.do?masterKey=CL05B104KO5NNN&type=specsheet;DigiKey France;1276-1001-1-ND;https://www.digikey.fr/fr/products/detail/samsung-electro-mechanics/CL05B104KO5NNNC/3889087;Stock positif au releve;"Relevé web; stock et prix variables.";0.09;EUR HT par piece, hors port;1;2026-09-27;103052;2026-09-27
SENSORS.kicad_sch;C54;CL05B104KO5NNNC;Capacitor_SMD:C_0402_1005Metric;Composant achete;FC01_Project:SENSORS__C_Small;${KIPRJMOD}/composants/kicad/FC01_Project.kicad_sym;${KIPRJMOD}/composants/kicad/vendor/Capacitor_SMD.pretty/C_0402_1005Metric.kicad_mod;${KIPRJMOD}/composants/3d/C_0402_1005Metric.step;KiCad, geometrie generique du boitier;${KIPRJMOD}/composants/controle/CL05B104KO5NNNC.pdf;${KIPRJMOD}/composants/pdf/CL05B104KO5NNN.pdf;https://product.samsungsem.com/part/download.do?masterKey=CL05B104KO5NNN&type=specsheet;DigiKey France;1276-1001-1-ND;https://www.digikey.fr/fr/products/detail/samsung-electro-mechanics/CL05B104KO5NNNC/3889087;Stock positif au releve;"Relevé web; stock et prix variables.";0.09;EUR HT par piece, hors port;1;2026-09-27;103052;2026-09-27
SENSORS.kicad_sch;C55;CL05B104KO5NNNC;Capacitor_SMD:C_0402_1005Metric;Composant achete;FC01_Project:SENSORS__C_Small;${KIPRJMOD}/composants/kicad/FC01_Project.kicad_sym;${KIPRJMOD}/composants/kicad/vendor/Capacitor_SMD.pretty/C_0402_1005Metric.kicad_mod;${KIPRJMOD}/composants/3d/C_0402_1005Metric.step;KiCad, geometrie generique du boitier;${KIPRJMOD}/composants/controle/CL05B104KO5NNNC.pdf;${KIPRJMOD}/composants/pdf/CL05B104KO5NNN.pdf;https://product.samsungsem.com/part/download.do?masterKey=CL05B104KO5NNN&type=specsheet;DigiKey France;1276-1001-1-ND;https://www.digikey.fr/fr/products/detail/samsung-electro-mechanics/CL05B104KO5NNNC/3889087;Stock positif au releve;"Relevé web; stock et prix variables.";0.09;EUR HT par piece, hors port;1;2026-09-27;103052;2026-09-27
SENSORS.kicad_sch;C56;CL05B104KO5NNNC;Capacitor_SMD:C_0402_1005Metric;Composant achete;FC01_Project:SENSORS__C_Small;${KIPRJMOD}/composants/kicad/FC01_Project.kicad_sym;${KIPRJMOD}/composants/kicad/vendor/Capacitor_SMD.pretty/C_0402_1005Metric.kicad_mod;${KIPRJMOD}/composants/3d/C_0402_1005Metric.step;KiCad, geometrie generique du boitier;${KIPRJMOD}/composants/controle/CL05B104KO5NNNC.pdf;${KIPRJMOD}/composants/pdf/CL05B104KO5NNN.pdf;https://product.samsungsem.com/part/download.do?masterKey=CL05B104KO5NNN&type=specsheet;DigiKey France;1276-1001-1-ND;https://www.digikey.fr/fr/products/detail/samsung-electro-mechanics/CL05B104KO5NNNC/3889087;Stock positif au releve;"Relevé web; stock et prix variables.";0.09;EUR HT par piece, hors port;1;2026-09-27;103052;2026-09-27
MICRO_SD.kicad_sch;C57;CL05A105KA5NQNC;Capacitor_SMD:C_0402_1005Metric;Composant achete;FC01_Project:MICRO_SD__C_Small;${KIPRJMOD}/composants/kicad/FC01_Project.kicad_sym;${KIPRJMOD}/composants/kicad/vendor/Capacitor_SMD.pretty/C_0402_1005Metric.kicad_mod;${KIPRJMOD}/composants/3d/C_0402_1005Metric.step;KiCad, geometrie generique du boitier;${KIPRJMOD}/composants/controle/CL05A105KA5NQNC.pdf;${KIPRJMOD}/composants/pdf/CL05A105KA5NQN.pdf;https://product.samsungsem.com/part/download.do?masterKey=CL05A105KA5NQN&type=specsheet;DigiKey France;1276-1445-1-ND;https://www.digikey.fr/fr/products/detail/samsung-electro-mechanics/CL05A105KA5NQNC/3887103;Stock positif au releve;"Relevé web; stock et prix variables.";0.16;EUR HT par piece, hors port;1;2026-09-27;2318576;2026-09-27
MICRO_SD.kicad_sch;C58;CL05B104KO5NNNC;Capacitor_SMD:C_0402_1005Metric;Composant achete;FC01_Project:MICRO_SD__C_Small;${KIPRJMOD}/composants/kicad/FC01_Project.kicad_sym;${KIPRJMOD}/composants/kicad/vendor/Capacitor_SMD.pretty/C_0402_1005Metric.kicad_mod;${KIPRJMOD}/composants/3d/C_0402_1005Metric.step;KiCad, geometrie generique du boitier;${KIPRJMOD}/composants/controle/CL05B104KO5NNNC.pdf;${KIPRJMOD}/composants/pdf/CL05B104KO5NNN.pdf;https://product.samsungsem.com/part/download.do?masterKey=CL05B104KO5NNN&type=specsheet;DigiKey France;1276-1001-1-ND;https://www.digikey.fr/fr/products/detail/samsung-electro-mechanics/CL05B104KO5NNNC/3889087;Stock positif au releve;"Relevé web; stock et prix variables.";0.09;EUR HT par piece, hors port;1;2026-09-27;103052;2026-09-27
MCU.kicad_sch;D1;19-337/R6GHBHC-M01/2T;H743_Custom:Everlight_19-337_1.6x1.6mm;Composant achete;FC01_Project:MCU__LED_RGB_EP_1;${KIPRJMOD}/composants/kicad/FC01_Project.kicad_sym;${KIPRJMOD}/composants/kicad/footprints.pretty/Everlight_19-337_1.6x1.6mm.kicad_mod;${KIPRJMOD}/composants/3d/Everlight_19-337_envelope.step;"ENVELOPPE RECONSTRUITE: volume du boitier uniquement; contacts et tolerances non representes";${KIPRJMOD}/composants/controle/19-337_R6GHBHC-M01_2T.pdf;${KIPRJMOD}/composants/pdf/D1_datasheet.pdf;https://uploadcdn.oneyac.com/attachments/files/brand_pdf/everlight/BB/85/19337R6GHBHCM012T.pdf;Farnell / RS / DigiKey France;;;Offre France non confirmee;Reference exacte: offre France, prix et stock non confirmes. Ne pas commander via une substitution implicite.;;;;2026-09-27;;2026-09-27
POWER.kicad_sch;D2;SMAJ30CA-13-F;H743_Custom:Diodes_SMA_SMAJ30CA;Composant achete;FC01_Project:POWER__SMAJ30CA;${KIPRJMOD}/composants/kicad/FC01_Project.kicad_sym;${KIPRJMOD}/composants/kicad/footprints.pretty/Diodes_SMA_SMAJ30CA.kicad_mod;${KIPRJMOD}/composants/3d/D_SMA.step;KiCad, geometrie generique du boitier;${KIPRJMOD}/composants/controle/SMAJ30CA-13-F.pdf;${KIPRJMOD}/composants/pdf/SMAJ30CA.pdf;https://www.mouser.com/datasheet/2/115/DIOD_S_A0011538071_1-2543697.pdf;DigiKey France;SMAJ30CA-FDICT-ND;https://www.digikey.fr/en/products/detail/diodes-incorporated/SMAJ30CA-13-F/768797;Stock positif au releve;"Relevé web; stock et prix variables.";0.51;EUR HT par piece, hors port;1;2026-09-27;119641;2026-09-27
POWER.kicad_sch;D3;PMEG4030ER,115;Diode_SMD:Nexperia_CFP3_SOD-123W;Composant achete;FC01_Project:POWER__1N5819WS;${KIPRJMOD}/composants/kicad/FC01_Project.kicad_sym;${KIPRJMOD}/composants/kicad/vendor/Diode_SMD.pretty/Nexperia_CFP3_SOD-123W.kicad_mod;${KIPRJMOD}/composants/3d/Nexperia_CFP3_SOD-123W.step;KiCad, geometrie generique du boitier;${KIPRJMOD}/composants/controle/PMEG4030ER_115.pdf;${KIPRJMOD}/composants/pdf/PMEG4030ER.pdf;https://www.mouser.com/datasheet/2/916/PMEG4030ER-2938673.pdf;DigiKey France;1727-5313-1-ND;https://www.digikey.fr/fr/products/detail/nexperia-usa-inc/PMEG4030ER-115/2676789;Stock positif au releve;"Relevé web; stock et prix variables.";0.51;EUR HT par piece, hors port;1;2026-09-27;201856;2026-09-27
POWER.kicad_sch;D4;1N5819HW-7-F;Diode_SMD:D_SOD-123;Composant achete;FC01_Project:POWER__1N5819WS;${KIPRJMOD}/composants/kicad/FC01_Project.kicad_sym;${KIPRJMOD}/composants/kicad/vendor/Diode_SMD.pretty/D_SOD-123.kicad_mod;${KIPRJMOD}/composants/3d/D_SOD-123.step;KiCad, geometrie generique du boitier;${KIPRJMOD}/composants/controle/1N5819HW-7-F.pdf;${KIPRJMOD}/composants/pdf/1N5819HW.pdf;https://media.digikey.com/pdf/Data%20Sheets/Diodes%20PDFs/1n5819hw%20%202.pdf;DigiKey France;1N5819HW-FDICT-ND;https://www.digikey.fr/fr/products/detail/diodes-incorporated/1N5819HW-7-F/814970;Stock positif au releve;"Relevé web; stock et prix variables.";0.27;EUR HT par piece, hors port;1;2026-09-27;711720;2026-09-27
CAN.kicad_sch;D5;PESD2CANFD24V-TR;Package_TO_SOT_SMD:SOT-23;Composant achete;FC01_Project:CAN__PESD2CAN;${KIPRJMOD}/composants/kicad/FC01_Project.kicad_sym;${KIPRJMOD}/composants/kicad/vendor/Package_TO_SOT_SMD.pretty/SOT-23.kicad_mod;${KIPRJMOD}/composants/3d/SOT-23.step;KiCad, geometrie generique du boitier;${KIPRJMOD}/composants/controle/PESD2CANFD24V-TR.pdf;${KIPRJMOD}/composants/pdf/PESD2CANFD24V.pdf;https://www.rxelectronics.sg/datasheet/b9/pesd2canfd24v-tr.pdf;DigiKey France;1727-PESD2CANFD24V-CT-ND;https://www.digikey.fr/fr/products/detail/nexperia-usa-inc/PESD2CANFD24V-TR/11487035;Stock positif au releve;"Relevé web; stock et prix variables.";0.4;EUR HT par piece, hors port;1;2026-09-27;594;2026-09-27
MCU.kicad_sch;FB1;BLM15AG601SN1D;Inductor_SMD:L_0402_1005Metric;Composant achete;FC01_Project:MCU__FerriteBead_Small;${KIPRJMOD}/composants/kicad/FC01_Project.kicad_sym;${KIPRJMOD}/composants/kicad/vendor/Inductor_SMD.pretty/L_0402_1005Metric.kicad_mod;${KIPRJMOD}/composants/3d/L_0402_1005Metric.step;KiCad, geometrie generique du boitier;${KIPRJMOD}/composants/controle/BLM15AG601SN1D.pdf;${KIPRJMOD}/composants/pdf/BLM15.pdf;https://www.mouser.com/datasheet/2/281/ENFA0018-1218469.pdf;DigiKey France;490-1006-1-ND;https://www.digikey.fr/fr/products/detail/murata-electronics/BLM15AG601SN1D/584217;Stock positif au releve;"Relevé web; stock et prix variables.";0.09;EUR HT par piece, hors port;1;2026-09-27;1305813;2026-09-27
H743_Ardupilot.kicad_sch;H1;;MountingHole:MountingHole_3.2mm_M3_ISO7380_Pad;"Element fabrique dans le PCB; aucun composant achete";FC01_Project:H743_Ardupilot__MountingHole_Pad;${KIPRJMOD}/composants/kicad/FC01_Project.kicad_sym;${KIPRJMOD}/composants/kicad/vendor/MountingHole.pretty/MountingHole_3.2mm_M3_ISO7380_Pad.kicad_mod;;Non applicable: cuivre, point test, cavalier ou trou du PCB;${KIPRJMOD}/composants/controle/elements_PCB.pdf;;;Non applicable;;;Pas de composant a commander;Voir Component_PDF pour le symbole et le dessin de cuivre/perçage;;;;;;
H743_Ardupilot.kicad_sch;H2;;MountingHole:MountingHole_3.2mm_M3_ISO7380_Pad;"Element fabrique dans le PCB; aucun composant achete";FC01_Project:H743_Ardupilot__MountingHole_Pad;${KIPRJMOD}/composants/kicad/FC01_Project.kicad_sym;${KIPRJMOD}/composants/kicad/vendor/MountingHole.pretty/MountingHole_3.2mm_M3_ISO7380_Pad.kicad_mod;;Non applicable: cuivre, point test, cavalier ou trou du PCB;${KIPRJMOD}/composants/controle/elements_PCB.pdf;;;Non applicable;;;Pas de composant a commander;Voir Component_PDF pour le symbole et le dessin de cuivre/perçage;;;;;;
H743_Ardupilot.kicad_sch;H3;;MountingHole:MountingHole_3.2mm_M3_ISO7380_Pad;"Element fabrique dans le PCB; aucun composant achete";FC01_Project:H743_Ardupilot__MountingHole_Pad;${KIPRJMOD}/composants/kicad/FC01_Project.kicad_sym;${KIPRJMOD}/composants/kicad/vendor/MountingHole.pretty/MountingHole_3.2mm_M3_ISO7380_Pad.kicad_mod;;Non applicable: cuivre, point test, cavalier ou trou du PCB;${KIPRJMOD}/composants/controle/elements_PCB.pdf;;;Non applicable;;;Pas de composant a commander;Voir Component_PDF pour le symbole et le dessin de cuivre/perçage;;;;;;
H743_Ardupilot.kicad_sch;H4;;MountingHole:MountingHole_3.2mm_M3_ISO7380_Pad;"Element fabrique dans le PCB; aucun composant achete";FC01_Project:H743_Ardupilot__MountingHole_Pad;${KIPRJMOD}/composants/kicad/FC01_Project.kicad_sym;${KIPRJMOD}/composants/kicad/vendor/MountingHole.pretty/MountingHole_3.2mm_M3_ISO7380_Pad.kicad_mod;;Non applicable: cuivre, point test, cavalier ou trou du PCB;${KIPRJMOD}/composants/controle/elements_PCB.pdf;;;Non applicable;;;Pas de composant a commander;Voir Component_PDF pour le symbole et le dessin de cuivre/perçage;;;;;;
ANALOG_SENS.kicad_sch;J1;;H743_Custom:SolderPadArray_1x04_P2.54mm_1x1mm;"Element fabrique dans le PCB; aucun composant achete";FC01_Project:ANALOG_SENS__Conn_01x04;${KIPRJMOD}/composants/kicad/FC01_Project.kicad_sym;${KIPRJMOD}/composants/kicad/footprints.pretty/SolderPadArray_1x04_P2.54mm_1x1mm.kicad_mod;;Non applicable: cuivre, point test, cavalier ou trou du PCB;${KIPRJMOD}/composants/controle/elements_PCB.pdf;;;Non applicable;;;Pas de composant a commander;Voir Component_PDF pour le symbole et le dessin de cuivre/perçage;;;;;;
UART_I2C.kicad_sch;J2;;H743_Custom:SolderPadArray_1x04_P2.54mm_1x1mm;"Element fabrique dans le PCB; aucun composant achete";FC01_Project:UART_I2C__Conn_01x04;${KIPRJMOD}/composants/kicad/FC01_Project.kicad_sym;${KIPRJMOD}/composants/kicad/footprints.pretty/SolderPadArray_1x04_P2.54mm_1x1mm.kicad_mod;;Non applicable: cuivre, point test, cavalier ou trou du PCB;${KIPRJMOD}/composants/controle/elements_PCB.pdf;;;Non applicable;;;Pas de composant a commander;Voir Component_PDF pour le symbole et le dessin de cuivre/perçage;;;;;;
UART_I2C.kicad_sch;J3;;H743_Custom:SolderPadArray_1x04_P2.54mm_1x1mm;"Element fabrique dans le PCB; aucun composant achete";FC01_Project:UART_I2C__Conn_01x04;${KIPRJMOD}/composants/kicad/FC01_Project.kicad_sym;${KIPRJMOD}/composants/kicad/footprints.pretty/SolderPadArray_1x04_P2.54mm_1x1mm.kicad_mod;;Non applicable: cuivre, point test, cavalier ou trou du PCB;${KIPRJMOD}/composants/controle/elements_PCB.pdf;;;Non applicable;;;Pas de composant a commander;Voir Component_PDF pour le symbole et le dessin de cuivre/perçage;;;;;;
UART_I2C.kicad_sch;J4;;H743_Custom:SolderPadArray_1x06_P2.54mm_1x1mm;"Element fabrique dans le PCB; aucun composant achete";FC01_Project:UART_I2C__Conn_01x06;${KIPRJMOD}/composants/kicad/FC01_Project.kicad_sym;${KIPRJMOD}/composants/kicad/footprints.pretty/SolderPadArray_1x06_P2.54mm_1x1mm.kicad_mod;;Non applicable: cuivre, point test, cavalier ou trou du PCB;${KIPRJMOD}/composants/controle/elements_PCB.pdf;;;Non applicable;;;Pas de composant a commander;Voir Component_PDF pour le symbole et le dessin de cuivre/perçage;;;;;;
UART_I2C.kicad_sch;J5;;H743_Custom:SolderPadArray_1x04_P2.54mm_1x1mm;"Element fabrique dans le PCB; aucun composant achete";FC01_Project:UART_I2C__Conn_01x04;${KIPRJMOD}/composants/kicad/FC01_Project.kicad_sym;${KIPRJMOD}/composants/kicad/footprints.pretty/SolderPadArray_1x04_P2.54mm_1x1mm.kicad_mod;;Non applicable: cuivre, point test, cavalier ou trou du PCB;${KIPRJMOD}/composants/controle/elements_PCB.pdf;;;Non applicable;;;Pas de composant a commander;Voir Component_PDF pour le symbole et le dessin de cuivre/perçage;;;;;;
UART_I2C.kicad_sch;J6;;H743_Custom:SolderPadArray_1x04_P2.54mm_1x1mm;"Element fabrique dans le PCB; aucun composant achete";FC01_Project:UART_I2C__Conn_01x04;${KIPRJMOD}/composants/kicad/FC01_Project.kicad_sym;${KIPRJMOD}/composants/kicad/footprints.pretty/SolderPadArray_1x04_P2.54mm_1x1mm.kicad_mod;;Non applicable: cuivre, point test, cavalier ou trou du PCB;${KIPRJMOD}/composants/controle/elements_PCB.pdf;;;Non applicable;;;Pas de composant a commander;Voir Component_PDF pour le symbole et le dessin de cuivre/perçage;;;;;;
UART_I2C.kicad_sch;J7;;H743_Custom:SolderPadArray_1x04_P2.54mm_1x1mm;"Element fabrique dans le PCB; aucun composant achete";FC01_Project:UART_I2C__Conn_01x04;${KIPRJMOD}/composants/kicad/FC01_Project.kicad_sym;${KIPRJMOD}/composants/kicad/footprints.pretty/SolderPadArray_1x04_P2.54mm_1x1mm.kicad_mod;;Non applicable: cuivre, point test, cavalier ou trou du PCB;${KIPRJMOD}/composants/controle/elements_PCB.pdf;;;Non applicable;;;Pas de composant a commander;Voir Component_PDF pour le symbole et le dessin de cuivre/perçage;;;;;;
SENSORS.kicad_sch;J8;;H743_Custom:SolderPadArray_1x04_P2.54mm_1x1mm;"Element fabrique dans le PCB; aucun composant achete";FC01_Project:SENSORS__Conn_01x04;${KIPRJMOD}/composants/kicad/FC01_Project.kicad_sym;${KIPRJMOD}/composants/kicad/footprints.pretty/SolderPadArray_1x04_P2.54mm_1x1mm.kicad_mod;;Non applicable: cuivre, point test, cavalier ou trou du PCB;${KIPRJMOD}/composants/controle/elements_PCB.pdf;;;Non applicable;;;Pas de composant a commander;Voir Component_PDF pour le symbole et le dessin de cuivre/perçage;;;;;;
SENSORS.kicad_sch;J9;;H743_Custom:SolderPadArray_1x04_P2.54mm_1x1mm;"Element fabrique dans le PCB; aucun composant achete";FC01_Project:SENSORS__Conn_01x04;${KIPRJMOD}/composants/kicad/FC01_Project.kicad_sym;${KIPRJMOD}/composants/kicad/footprints.pretty/SolderPadArray_1x04_P2.54mm_1x1mm.kicad_mod;;Non applicable: cuivre, point test, cavalier ou trou du PCB;${KIPRJMOD}/composants/controle/elements_PCB.pdf;;;Non applicable;;;Pas de composant a commander;Voir Component_PDF pour le symbole et le dessin de cuivre/perçage;;;;;;
BUZZER.kicad_sch;J10;;H743_Custom:SolderPadArray_1x03_P2.54mm_1x1mm;"Element fabrique dans le PCB; aucun composant achete";FC01_Project:BUZZER__Conn_01x03;${KIPRJMOD}/composants/kicad/FC01_Project.kicad_sym;${KIPRJMOD}/composants/kicad/footprints.pretty/SolderPadArray_1x03_P2.54mm_1x1mm.kicad_mod;;Non applicable: cuivre, point test, cavalier ou trou du PCB;${KIPRJMOD}/composants/controle/elements_PCB.pdf;;;Non applicable;;;Pas de composant a commander;Voir Component_PDF pour le symbole et le dessin de cuivre/perçage;;;;;;
BUZZER.kicad_sch;J11;;H743_Custom:SolderPadArray_1x03_P2.54mm_1x1mm;"Element fabrique dans le PCB; aucun composant achete";FC01_Project:BUZZER__Conn_01x03;${KIPRJMOD}/composants/kicad/FC01_Project.kicad_sym;${KIPRJMOD}/composants/kicad/footprints.pretty/SolderPadArray_1x03_P2.54mm_1x1mm.kicad_mod;;Non applicable: cuivre, point test, cavalier ou trou du PCB;${KIPRJMOD}/composants/controle/elements_PCB.pdf;;;Non applicable;;;Pas de composant a commander;Voir Component_PDF pour le symbole et le dessin de cuivre/perçage;;;;;;
MICRO_SD.kicad_sch;J12;10067099-200LF;H743_Custom:Amphenol_10067099-200LF_RevH;Composant achete;FC01_Project:MICRO_SD__Micro_SD_Card;${KIPRJMOD}/composants/kicad/FC01_Project.kicad_sym;${KIPRJMOD}/composants/kicad/footprints.pretty/Amphenol_10067099-200LF_RevH.kicad_mod;${KIPRJMOD}/composants/3d/Amphenol_10067099-200LF_aligned.step;"STEP fournisseur fourni par utilisateur; orientation rapprochee du plan Rev.H";${KIPRJMOD}/composants/controle/10067099-200LF.pdf;${KIPRJMOD}/composants/pdf/10067099.pdf;https://www.mouser.com/datasheet/2/18/1/10067099-2577377.pdf;DigiKey France;609-5773-1-ND;https://www.digikey.fr/fr/products/detail/amphenol-icc-fci/10067099-200LF/4238739;Stock positif au releve;"Relevé web; stock et prix variables.";0.78;EUR HT par piece, hors port;1;2026-09-27;32954;2026-09-27
CAN.kicad_sch;J13;;H743_Custom:SolderPadArray_1x04_P2.54mm_1x1mm;"Element fabrique dans le PCB; aucun composant achete";FC01_Project:CAN__Conn_01x04;${KIPRJMOD}/composants/kicad/FC01_Project.kicad_sym;${KIPRJMOD}/composants/kicad/footprints.pretty/SolderPadArray_1x04_P2.54mm_1x1mm.kicad_mod;;Non applicable: cuivre, point test, cavalier ou trou du PCB;${KIPRJMOD}/composants/controle/elements_PCB.pdf;;;Non applicable;;;Pas de composant a commander;Voir Component_PDF pour le symbole et le dessin de cuivre/perçage;;;;;;
CAN.kicad_sch;J14;;H743_Custom:SolderPadArray_1x04_P2.54mm_1x1mm;"Element fabrique dans le PCB; aucun composant achete";FC01_Project:CAN__Conn_01x04;${KIPRJMOD}/composants/kicad/FC01_Project.kicad_sym;${KIPRJMOD}/composants/kicad/footprints.pretty/SolderPadArray_1x04_P2.54mm_1x1mm.kicad_mod;;Non applicable: cuivre, point test, cavalier ou trou du PCB;${KIPRJMOD}/composants/controle/elements_PCB.pdf;;;Non applicable;;;Pas de composant a commander;Voir Component_PDF pour le symbole et le dessin de cuivre/perçage;;;;;;
MCU.kicad_sch;JP1;;Jumper:SolderJumper-2_P1.3mm_Open_RoundedPad1.0x1.5mm;"Element fabrique dans le PCB; aucun composant achete";FC01_Project:MCU__SolderJumper_2_Open;${KIPRJMOD}/composants/kicad/FC01_Project.kicad_sym;${KIPRJMOD}/composants/kicad/vendor/Jumper.pretty/SolderJumper-2_P1.3mm_Open_RoundedPad1.0x1.5mm.kicad_mod;;Non applicable: cuivre, point test, cavalier ou trou du PCB;${KIPRJMOD}/composants/controle/elements_PCB.pdf;;;Non applicable;;;Pas de composant a commander;Voir Component_PDF pour le symbole et le dessin de cuivre/perçage;;;;;;
POWER.kicad_sch;L1;XGL4030-332MEC;H743_Custom:L_Coilcraft_XGL4030;Composant achete;FC01_Project:POWER__L;${KIPRJMOD}/composants/kicad/FC01_Project.kicad_sym;${KIPRJMOD}/composants/kicad/footprints.pretty/L_Coilcraft_XGL4030.kicad_mod;${KIPRJMOD}/composants/3d/Coilcraft_XGL4030_envelope.step;"ENVELOPPE RECONSTRUITE: volume du boitier uniquement; contacts et tolerances non representes";${KIPRJMOD}/composants/controle/XGL4030-332MEC.pdf;${KIPRJMOD}/composants/pdf/XGL4030_mirror.pdf;https://xonstorage.z8.web.core.windows.net/pdf/coilcraft_xgl4030222mec_apr22_xonlink.pdf;Farnell / RS / DigiKey France;;;Offre France non confirmee;Reference exacte: offre France, prix et stock non confirmes. Ne pas commander via une substitution implicite.;;;;2026-09-27;;2026-09-27
POWER.kicad_sch;L2;XGL4030-332MEC;H743_Custom:L_Coilcraft_XGL4030;Composant achete;FC01_Project:POWER__L;${KIPRJMOD}/composants/kicad/FC01_Project.kicad_sym;${KIPRJMOD}/composants/kicad/footprints.pretty/L_Coilcraft_XGL4030.kicad_mod;${KIPRJMOD}/composants/3d/Coilcraft_XGL4030_envelope.step;"ENVELOPPE RECONSTRUITE: volume du boitier uniquement; contacts et tolerances non representes";${KIPRJMOD}/composants/controle/XGL4030-332MEC.pdf;${KIPRJMOD}/composants/pdf/XGL4030_mirror.pdf;https://xonstorage.z8.web.core.windows.net/pdf/coilcraft_xgl4030222mec_apr22_xonlink.pdf;Farnell / RS / DigiKey France;;;Offre France non confirmee;Reference exacte: offre France, prix et stock non confirmes. Ne pas commander via une substitution implicite.;;;;2026-09-27;;2026-09-27
BUZZER.kicad_sch;Q1;AO3400A;Package_TO_SOT_SMD:SOT-23;Composant achete;FC01_Project:BUZZER__AO3400A;${KIPRJMOD}/composants/kicad/FC01_Project.kicad_sym;${KIPRJMOD}/composants/kicad/vendor/Package_TO_SOT_SMD.pretty/SOT-23.kicad_mod;${KIPRJMOD}/composants/3d/SOT-23.step;KiCad, geometrie generique du boitier;${KIPRJMOD}/composants/controle/AO3400A.pdf;${KIPRJMOD}/composants/pdf/Q1_datasheet.pdf;https://aosmd.com/res/data_sheets/AO3400A.pdf;DigiKey France;785-1000-1-ND;https://www.digikey.fr/fr/products/detail/alpha-omega-semiconductor-inc/AO3400A/1855942;Stock positif au releve;"Relevé web; stock et prix variables.";0.45;EUR HT par piece, hors port;1;2026-09-27;303659;2026-09-27
H743_Ardupilot.kicad_sch;R1;0402WGF5101TCE;Resistor_SMD:R_0402_1005Metric;Composant achete;FC01_Project:H743_Ardupilot__R_Small;${KIPRJMOD}/composants/kicad/FC01_Project.kicad_sym;${KIPRJMOD}/composants/kicad/vendor/Resistor_SMD.pretty/R_0402_1005Metric.kicad_mod;${KIPRJMOD}/composants/3d/R_0402_1005Metric.step;KiCad, geometrie generique du boitier;${KIPRJMOD}/composants/controle/0402WGF5101TCE.pdf;${KIPRJMOD}/composants/pdf/Royalohm.pdf;https://www.royalohm.com/assets/pdf/products/smd/1.pdf;Farnell / RS / DigiKey France;;;Offre France non confirmee;Reference exacte: offre France, prix et stock non confirmes. Ne pas commander via une substitution implicite.;;;;2026-09-27;;2026-09-27
H743_Ardupilot.kicad_sch;R2;0402WGF5101TCE;Resistor_SMD:R_0402_1005Metric;Composant achete;FC01_Project:H743_Ardupilot__R_Small;${KIPRJMOD}/composants/kicad/FC01_Project.kicad_sym;${KIPRJMOD}/composants/kicad/vendor/Resistor_SMD.pretty/R_0402_1005Metric.kicad_mod;${KIPRJMOD}/composants/3d/R_0402_1005Metric.step;KiCad, geometrie generique du boitier;${KIPRJMOD}/composants/controle/0402WGF5101TCE.pdf;${KIPRJMOD}/composants/pdf/Royalohm.pdf;https://www.royalohm.com/assets/pdf/products/smd/1.pdf;Farnell / RS / DigiKey France;;;Offre France non confirmee;Reference exacte: offre France, prix et stock non confirmes. Ne pas commander via une substitution implicite.;;;;2026-09-27;;2026-09-27
MCU.kicad_sch;R3;RC0402FR-07220RL;Resistor_SMD:R_0402_1005Metric;Composant achete;FC01_Project:MCU__R_Small;${KIPRJMOD}/composants/kicad/FC01_Project.kicad_sym;${KIPRJMOD}/composants/kicad/vendor/Resistor_SMD.pretty/R_0402_1005Metric.kicad_mod;${KIPRJMOD}/composants/3d/R_0402_1005Metric.step;KiCad, geometrie generique du boitier;${KIPRJMOD}/composants/controle/RC0402FR-07220RL.pdf;${KIPRJMOD}/composants/pdf/Yageo_RC.pdf;https://www.mouser.com/datasheet/2/447/PYu-RC0402_51_RoHS_L_6_r-8721.pdf;DigiKey France;311-220LRCT-ND;https://www.digikey.fr/fr/products/detail/yageo/RC0402FR-07220RL/726565;Stock positif au releve;"Relevé web; stock et prix variables.";0.09;EUR HT par piece, hors port;1;2026-09-27;889327;2026-09-27
MCU.kicad_sch;R4;RC0402FR-07220RL;Resistor_SMD:R_0402_1005Metric;Composant achete;FC01_Project:MCU__R_Small;${KIPRJMOD}/composants/kicad/FC01_Project.kicad_sym;${KIPRJMOD}/composants/kicad/vendor/Resistor_SMD.pretty/R_0402_1005Metric.kicad_mod;${KIPRJMOD}/composants/3d/R_0402_1005Metric.step;KiCad, geometrie generique du boitier;${KIPRJMOD}/composants/controle/RC0402FR-07220RL.pdf;${KIPRJMOD}/composants/pdf/Yageo_RC.pdf;https://www.mouser.com/datasheet/2/447/PYu-RC0402_51_RoHS_L_6_r-8721.pdf;DigiKey France;311-220LRCT-ND;https://www.digikey.fr/fr/products/detail/yageo/RC0402FR-07220RL/726565;Stock positif au releve;"Relevé web; stock et prix variables.";0.09;EUR HT par piece, hors port;1;2026-09-27;889327;2026-09-27
MCU.kicad_sch;R5;RC0402FR-07220RL;Resistor_SMD:R_0402_1005Metric;Composant achete;FC01_Project:MCU__R_Small;${KIPRJMOD}/composants/kicad/FC01_Project.kicad_sym;${KIPRJMOD}/composants/kicad/vendor/Resistor_SMD.pretty/R_0402_1005Metric.kicad_mod;${KIPRJMOD}/composants/3d/R_0402_1005Metric.step;KiCad, geometrie generique du boitier;${KIPRJMOD}/composants/controle/RC0402FR-07220RL.pdf;${KIPRJMOD}/composants/pdf/Yageo_RC.pdf;https://www.mouser.com/datasheet/2/447/PYu-RC0402_51_RoHS_L_6_r-8721.pdf;DigiKey France;311-220LRCT-ND;https://www.digikey.fr/fr/products/detail/yageo/RC0402FR-07220RL/726565;Stock positif au releve;"Relevé web; stock et prix variables.";0.09;EUR HT par piece, hors port;1;2026-09-27;889327;2026-09-27
MCU.kicad_sch;R6;RC0402FR-0710KL;Resistor_SMD:R_0402_1005Metric;Composant achete;FC01_Project:MCU__R_Small;${KIPRJMOD}/composants/kicad/FC01_Project.kicad_sym;${KIPRJMOD}/composants/kicad/vendor/Resistor_SMD.pretty/R_0402_1005Metric.kicad_mod;${KIPRJMOD}/composants/3d/R_0402_1005Metric.step;KiCad, geometrie generique du boitier;${KIPRJMOD}/composants/controle/RC0402FR-0710KL.pdf;${KIPRJMOD}/composants/pdf/Yageo_RC.pdf;https://www.mouser.com/datasheet/2/447/PYu-RC0402_51_RoHS_L_6_r-8721.pdf;DigiKey France;311-10.0KLRCT-ND;https://www.digikey.fr/fr/products/detail/yageo/RC0402FR-0710KL/726523;Stock positif au releve;"Relevé web; stock et prix variables.";0.09;EUR HT par piece, hors port;1;2026-09-27;9912210;2026-09-27
MCU.kicad_sch;R7;RC0402FR-07100KL;Resistor_SMD:R_0402_1005Metric;Composant achete;FC01_Project:MCU__R_Small;${KIPRJMOD}/composants/kicad/FC01_Project.kicad_sym;${KIPRJMOD}/composants/kicad/vendor/Resistor_SMD.pretty/R_0402_1005Metric.kicad_mod;${KIPRJMOD}/composants/3d/R_0402_1005Metric.step;KiCad, geometrie generique du boitier;${KIPRJMOD}/composants/controle/RC0402FR-07100KL.pdf;${KIPRJMOD}/composants/pdf/Yageo_RC.pdf;https://www.mouser.com/datasheet/2/447/PYu-RC0402_51_RoHS_L_6_r-8721.pdf;DigiKey France;311-100KLRCT-ND;https://www.digikey.fr/fr/products/detail/yageo/RC0402FR-07100KL/726526;Stock positif au releve;"Relevé web; stock et prix variables.";0.09;EUR HT par piece, hors port;1;2026-09-27;6470366;2026-09-27
POWER.kicad_sch;R8;RC0402FR-07100KL;Resistor_SMD:R_0402_1005Metric;Composant achete;FC01_Project:POWER__R_Small;${KIPRJMOD}/composants/kicad/FC01_Project.kicad_sym;${KIPRJMOD}/composants/kicad/vendor/Resistor_SMD.pretty/R_0402_1005Metric.kicad_mod;${KIPRJMOD}/composants/3d/R_0402_1005Metric.step;KiCad, geometrie generique du boitier;${KIPRJMOD}/composants/controle/RC0402FR-07100KL.pdf;${KIPRJMOD}/composants/pdf/Yageo_RC.pdf;https://www.mouser.com/datasheet/2/447/PYu-RC0402_51_RoHS_L_6_r-8721.pdf;DigiKey France;311-100KLRCT-ND;https://www.digikey.fr/fr/products/detail/yageo/RC0402FR-07100KL/726526;Stock positif au releve;"Relevé web; stock et prix variables.";0.09;EUR HT par piece, hors port;1;2026-09-27;6470366;2026-09-27
POWER.kicad_sch;R9;RC0402FR-0716K5L;Resistor_SMD:R_0402_1005Metric;Composant achete;FC01_Project:POWER__R_Small;${KIPRJMOD}/composants/kicad/FC01_Project.kicad_sym;${KIPRJMOD}/composants/kicad/vendor/Resistor_SMD.pretty/R_0402_1005Metric.kicad_mod;${KIPRJMOD}/composants/3d/R_0402_1005Metric.step;KiCad, geometrie generique du boitier;${KIPRJMOD}/composants/controle/RC0402FR-0716K5L.pdf;${KIPRJMOD}/composants/pdf/Yageo_RC.pdf;https://www.mouser.com/datasheet/2/447/PYu-RC0402_51_RoHS_L_6_r-8721.pdf;Farnell / RS / DigiKey France;;;Offre France non confirmee;Reference exacte: offre France, prix et stock non confirmes. Ne pas commander via une substitution implicite.;;;;2026-09-27;;2026-09-27
POWER.kicad_sch;R10;RC0402FR-07100KL;Resistor_SMD:R_0402_1005Metric;Composant achete;FC01_Project:POWER__R_Small;${KIPRJMOD}/composants/kicad/FC01_Project.kicad_sym;${KIPRJMOD}/composants/kicad/vendor/Resistor_SMD.pretty/R_0402_1005Metric.kicad_mod;${KIPRJMOD}/composants/3d/R_0402_1005Metric.step;KiCad, geometrie generique du boitier;${KIPRJMOD}/composants/controle/RC0402FR-07100KL.pdf;${KIPRJMOD}/composants/pdf/Yageo_RC.pdf;https://www.mouser.com/datasheet/2/447/PYu-RC0402_51_RoHS_L_6_r-8721.pdf;DigiKey France;311-100KLRCT-ND;https://www.digikey.fr/fr/products/detail/yageo/RC0402FR-07100KL/726526;Stock positif au releve;"Relevé web; stock et prix variables.";0.09;EUR HT par piece, hors port;1;2026-09-27;6470366;2026-09-27
POWER.kicad_sch;R11;RC0402FR-0712K4L;Resistor_SMD:R_0402_1005Metric;Composant achete;FC01_Project:POWER__R_Small;${KIPRJMOD}/composants/kicad/FC01_Project.kicad_sym;${KIPRJMOD}/composants/kicad/vendor/Resistor_SMD.pretty/R_0402_1005Metric.kicad_mod;${KIPRJMOD}/composants/3d/R_0402_1005Metric.step;KiCad, geometrie generique du boitier;${KIPRJMOD}/composants/controle/RC0402FR-0712K4L.pdf;${KIPRJMOD}/composants/pdf/Yageo_RC.pdf;https://www.mouser.com/datasheet/2/447/PYu-RC0402_51_RoHS_L_6_r-8721.pdf;DigiKey France;311-12.4KLRCT-ND;https://www.digikey.fr/fr/products/detail/yageo/RC0402FR-0712K4L/2827623;Stock positif au releve;"Relevé web; stock et prix variables.";0.09;EUR HT par piece, hors port;1;2026-09-27;505611;2026-09-27
POWER.kicad_sch;R12;RC0402FR-0710KL;Resistor_SMD:R_0402_1005Metric;Composant achete;FC01_Project:POWER__R_Small;${KIPRJMOD}/composants/kicad/FC01_Project.kicad_sym;${KIPRJMOD}/composants/kicad/vendor/Resistor_SMD.pretty/R_0402_1005Metric.kicad_mod;${KIPRJMOD}/composants/3d/R_0402_1005Metric.step;KiCad, geometrie generique du boitier;${KIPRJMOD}/composants/controle/RC0402FR-0710KL.pdf;${KIPRJMOD}/composants/pdf/Yageo_RC.pdf;https://www.mouser.com/datasheet/2/447/PYu-RC0402_51_RoHS_L_6_r-8721.pdf;DigiKey France;311-10.0KLRCT-ND;https://www.digikey.fr/fr/products/detail/yageo/RC0402FR-0710KL/726523;Stock positif au releve;"Relevé web; stock et prix variables.";0.09;EUR HT par piece, hors port;1;2026-09-27;9912210;2026-09-27
POWER.kicad_sch;R13;RC0402FR-0710KL;Resistor_SMD:R_0402_1005Metric;Composant achete;FC01_Project:POWER__R_Small;${KIPRJMOD}/composants/kicad/FC01_Project.kicad_sym;${KIPRJMOD}/composants/kicad/vendor/Resistor_SMD.pretty/R_0402_1005Metric.kicad_mod;${KIPRJMOD}/composants/3d/R_0402_1005Metric.step;KiCad, geometrie generique du boitier;${KIPRJMOD}/composants/controle/RC0402FR-0710KL.pdf;${KIPRJMOD}/composants/pdf/Yageo_RC.pdf;https://www.mouser.com/datasheet/2/447/PYu-RC0402_51_RoHS_L_6_r-8721.pdf;DigiKey France;311-10.0KLRCT-ND;https://www.digikey.fr/fr/products/detail/yageo/RC0402FR-0710KL/726523;Stock positif au releve;"Relevé web; stock et prix variables.";0.09;EUR HT par piece, hors port;1;2026-09-27;9912210;2026-09-27
ANALOG_SENS.kicad_sch;R14;RC0402FR-0710KL;Resistor_SMD:R_0402_1005Metric;Composant achete;FC01_Project:ANALOG_SENS__R_Small;${KIPRJMOD}/composants/kicad/FC01_Project.kicad_sym;${KIPRJMOD}/composants/kicad/vendor/Resistor_SMD.pretty/R_0402_1005Metric.kicad_mod;${KIPRJMOD}/composants/3d/R_0402_1005Metric.step;KiCad, geometrie generique du boitier;${KIPRJMOD}/composants/controle/RC0402FR-0710KL.pdf;${KIPRJMOD}/composants/pdf/Yageo_RC.pdf;https://www.mouser.com/datasheet/2/447/PYu-RC0402_51_RoHS_L_6_r-8721.pdf;DigiKey France;311-10.0KLRCT-ND;https://www.digikey.fr/fr/products/detail/yageo/RC0402FR-0710KL/726523;Stock positif au releve;"Relevé web; stock et prix variables.";0.09;EUR HT par piece, hors port;1;2026-09-27;9912210;2026-09-27
ANALOG_SENS.kicad_sch;R15;RC0402FR-071KL;Resistor_SMD:R_0402_1005Metric;Composant achete;FC01_Project:ANALOG_SENS__R_Small;${KIPRJMOD}/composants/kicad/FC01_Project.kicad_sym;${KIPRJMOD}/composants/kicad/vendor/Resistor_SMD.pretty/R_0402_1005Metric.kicad_mod;${KIPRJMOD}/composants/3d/R_0402_1005Metric.step;KiCad, geometrie generique du boitier;${KIPRJMOD}/composants/controle/RC0402FR-071KL.pdf;${KIPRJMOD}/composants/pdf/Yageo_RC.pdf;https://www.mouser.com/datasheet/2/447/PYu-RC0402_51_RoHS_L_6_r-8721.pdf;DigiKey France;311-1.00KLRCT-ND;https://www.digikey.fr/fr/products/detail/yageo/RC0402FR-071KL/726513;Stock positif au releve;"Relevé web; stock et prix variables.";0.09;EUR HT par piece, hors port;1;2026-09-27;5940542;2026-09-27
ANALOG_SENS.kicad_sch;R16;RC0402FR-0710KL;Resistor_SMD:R_0402_1005Metric;Composant achete;FC01_Project:ANALOG_SENS__R_Small;${KIPRJMOD}/composants/kicad/FC01_Project.kicad_sym;${KIPRJMOD}/composants/kicad/vendor/Resistor_SMD.pretty/R_0402_1005Metric.kicad_mod;${KIPRJMOD}/composants/3d/R_0402_1005Metric.step;KiCad, geometrie generique du boitier;${KIPRJMOD}/composants/controle/RC0402FR-0710KL.pdf;${KIPRJMOD}/composants/pdf/Yageo_RC.pdf;https://www.mouser.com/datasheet/2/447/PYu-RC0402_51_RoHS_L_6_r-8721.pdf;DigiKey France;311-10.0KLRCT-ND;https://www.digikey.fr/fr/products/detail/yageo/RC0402FR-0710KL/726523;Stock positif au releve;"Relevé web; stock et prix variables.";0.09;EUR HT par piece, hors port;1;2026-09-27;9912210;2026-09-27
ANALOG_SENS.kicad_sch;R17;RC0402FR-0710KL;Resistor_SMD:R_0402_1005Metric;Composant achete;FC01_Project:ANALOG_SENS__R_Small;${KIPRJMOD}/composants/kicad/FC01_Project.kicad_sym;${KIPRJMOD}/composants/kicad/vendor/Resistor_SMD.pretty/R_0402_1005Metric.kicad_mod;${KIPRJMOD}/composants/3d/R_0402_1005Metric.step;KiCad, geometrie generique du boitier;${KIPRJMOD}/composants/controle/RC0402FR-0710KL.pdf;${KIPRJMOD}/composants/pdf/Yageo_RC.pdf;https://www.mouser.com/datasheet/2/447/PYu-RC0402_51_RoHS_L_6_r-8721.pdf;DigiKey France;311-10.0KLRCT-ND;https://www.digikey.fr/fr/products/detail/yageo/RC0402FR-0710KL/726523;Stock positif au releve;"Relevé web; stock et prix variables.";0.09;EUR HT par piece, hors port;1;2026-09-27;9912210;2026-09-27
ANALOG_SENS.kicad_sch;R18;RC0402FR-0720KL;Resistor_SMD:R_0402_1005Metric;Composant achete;FC01_Project:ANALOG_SENS__R_Small;${KIPRJMOD}/composants/kicad/FC01_Project.kicad_sym;${KIPRJMOD}/composants/kicad/vendor/Resistor_SMD.pretty/R_0402_1005Metric.kicad_mod;${KIPRJMOD}/composants/3d/R_0402_1005Metric.step;KiCad, geometrie generique du boitier;${KIPRJMOD}/composants/controle/RC0402FR-0720KL.pdf;${KIPRJMOD}/composants/pdf/Yageo_RC.pdf;https://www.mouser.com/datasheet/2/447/PYu-RC0402_51_RoHS_L_6_r-8721.pdf;DigiKey France;311-20.0KLRCT-ND;https://www.digikey.fr/fr/products/detail/yageo/RC0402FR-0720KL/726557;Stock positif au releve;"Relevé web; stock et prix variables.";0.09;EUR HT par piece, hors port;1;2026-09-27;2268038;2026-09-27
ANALOG_SENS.kicad_sch;R19;RC0402FR-071KL;Resistor_SMD:R_0402_1005Metric;Composant achete;FC01_Project:ANALOG_SENS__R_Small;${KIPRJMOD}/composants/kicad/FC01_Project.kicad_sym;${KIPRJMOD}/composants/kicad/vendor/Resistor_SMD.pretty/R_0402_1005Metric.kicad_mod;${KIPRJMOD}/composants/3d/R_0402_1005Metric.step;KiCad, geometrie generique du boitier;${KIPRJMOD}/composants/controle/RC0402FR-071KL.pdf;${KIPRJMOD}/composants/pdf/Yageo_RC.pdf;https://www.mouser.com/datasheet/2/447/PYu-RC0402_51_RoHS_L_6_r-8721.pdf;DigiKey France;311-1.00KLRCT-ND;https://www.digikey.fr/fr/products/detail/yageo/RC0402FR-071KL/726513;Stock positif au releve;"Relevé web; stock et prix variables.";0.09;EUR HT par piece, hors port;1;2026-09-27;5940542;2026-09-27
UART_I2C.kicad_sch;R20;RC0402FR-07200RL;Resistor_SMD:R_0402_1005Metric;Composant achete;FC01_Project:UART_I2C__R_Small;${KIPRJMOD}/composants/kicad/FC01_Project.kicad_sym;${KIPRJMOD}/composants/kicad/vendor/Resistor_SMD.pretty/R_0402_1005Metric.kicad_mod;${KIPRJMOD}/composants/3d/R_0402_1005Metric.step;KiCad, geometrie generique du boitier;${KIPRJMOD}/composants/controle/RC0402FR-07200RL.pdf;${KIPRJMOD}/composants/pdf/Yageo_RC.pdf;https://www.mouser.com/datasheet/2/447/PYu-RC0402_51_RoHS_L_6_r-8721.pdf;DigiKey France;311-200LRCT-ND;https://www.digikey.fr/en/products/detail/yageo/RC0402FR-07200RL/2827569;Rupture au releve;"Relevé web; stock et prix variables.";0.09;EUR HT par piece, hors port;1;2026-09-27;0;2026-09-27
UART_I2C.kicad_sch;R21;RC0402FR-07200RL;Resistor_SMD:R_0402_1005Metric;Composant achete;FC01_Project:UART_I2C__R_Small;${KIPRJMOD}/composants/kicad/FC01_Project.kicad_sym;${KIPRJMOD}/composants/kicad/vendor/Resistor_SMD.pretty/R_0402_1005Metric.kicad_mod;${KIPRJMOD}/composants/3d/R_0402_1005Metric.step;KiCad, geometrie generique du boitier;${KIPRJMOD}/composants/controle/RC0402FR-07200RL.pdf;${KIPRJMOD}/composants/pdf/Yageo_RC.pdf;https://www.mouser.com/datasheet/2/447/PYu-RC0402_51_RoHS_L_6_r-8721.pdf;DigiKey France;311-200LRCT-ND;https://www.digikey.fr/en/products/detail/yageo/RC0402FR-07200RL/2827569;Rupture au releve;"Relevé web; stock et prix variables.";0.09;EUR HT par piece, hors port;1;2026-09-27;0;2026-09-27
UART_I2C.kicad_sch;R22;RC0402FR-07200RL;Resistor_SMD:R_0402_1005Metric;Composant achete;FC01_Project:UART_I2C__R_Small;${KIPRJMOD}/composants/kicad/FC01_Project.kicad_sym;${KIPRJMOD}/composants/kicad/vendor/Resistor_SMD.pretty/R_0402_1005Metric.kicad_mod;${KIPRJMOD}/composants/3d/R_0402_1005Metric.step;KiCad, geometrie generique du boitier;${KIPRJMOD}/composants/controle/RC0402FR-07200RL.pdf;${KIPRJMOD}/composants/pdf/Yageo_RC.pdf;https://www.mouser.com/datasheet/2/447/PYu-RC0402_51_RoHS_L_6_r-8721.pdf;DigiKey France;311-200LRCT-ND;https://www.digikey.fr/en/products/detail/yageo/RC0402FR-07200RL/2827569;Rupture au releve;"Relevé web; stock et prix variables.";0.09;EUR HT par piece, hors port;1;2026-09-27;0;2026-09-27
UART_I2C.kicad_sch;R23;RC0402FR-07200RL;Resistor_SMD:R_0402_1005Metric;Composant achete;FC01_Project:UART_I2C__R_Small;${KIPRJMOD}/composants/kicad/FC01_Project.kicad_sym;${KIPRJMOD}/composants/kicad/vendor/Resistor_SMD.pretty/R_0402_1005Metric.kicad_mod;${KIPRJMOD}/composants/3d/R_0402_1005Metric.step;KiCad, geometrie generique du boitier;${KIPRJMOD}/composants/controle/RC0402FR-07200RL.pdf;${KIPRJMOD}/composants/pdf/Yageo_RC.pdf;https://www.mouser.com/datasheet/2/447/PYu-RC0402_51_RoHS_L_6_r-8721.pdf;DigiKey France;311-200LRCT-ND;https://www.digikey.fr/en/products/detail/yageo/RC0402FR-07200RL/2827569;Rupture au releve;"Relevé web; stock et prix variables.";0.09;EUR HT par piece, hors port;1;2026-09-27;0;2026-09-27
UART_I2C.kicad_sch;R24;RC0402FR-07200RL;Resistor_SMD:R_0402_1005Metric;Composant achete;FC01_Project:UART_I2C__R_Small;${KIPRJMOD}/composants/kicad/FC01_Project.kicad_sym;${KIPRJMOD}/composants/kicad/vendor/Resistor_SMD.pretty/R_0402_1005Metric.kicad_mod;${KIPRJMOD}/composants/3d/R_0402_1005Metric.step;KiCad, geometrie generique du boitier;${KIPRJMOD}/composants/controle/RC0402FR-07200RL.pdf;${KIPRJMOD}/composants/pdf/Yageo_RC.pdf;https://www.mouser.com/datasheet/2/447/PYu-RC0402_51_RoHS_L_6_r-8721.pdf;DigiKey France;311-200LRCT-ND;https://www.digikey.fr/en/products/detail/yageo/RC0402FR-07200RL/2827569;Rupture au releve;"Relevé web; stock et prix variables.";0.09;EUR HT par piece, hors port;1;2026-09-27;0;2026-09-27
UART_I2C.kicad_sch;R25;RC0402FR-07200RL;Resistor_SMD:R_0402_1005Metric;Composant achete;FC01_Project:UART_I2C__R_Small;${KIPRJMOD}/composants/kicad/FC01_Project.kicad_sym;${KIPRJMOD}/composants/kicad/vendor/Resistor_SMD.pretty/R_0402_1005Metric.kicad_mod;${KIPRJMOD}/composants/3d/R_0402_1005Metric.step;KiCad, geometrie generique du boitier;${KIPRJMOD}/composants/controle/RC0402FR-07200RL.pdf;${KIPRJMOD}/composants/pdf/Yageo_RC.pdf;https://www.mouser.com/datasheet/2/447/PYu-RC0402_51_RoHS_L_6_r-8721.pdf;DigiKey France;311-200LRCT-ND;https://www.digikey.fr/en/products/detail/yageo/RC0402FR-07200RL/2827569;Rupture au releve;"Relevé web; stock et prix variables.";0.09;EUR HT par piece, hors port;1;2026-09-27;0;2026-09-27
UART_I2C.kicad_sch;R26;RC0402FR-07200RL;Resistor_SMD:R_0402_1005Metric;Composant achete;FC01_Project:UART_I2C__R_Small;${KIPRJMOD}/composants/kicad/FC01_Project.kicad_sym;${KIPRJMOD}/composants/kicad/vendor/Resistor_SMD.pretty/R_0402_1005Metric.kicad_mod;${KIPRJMOD}/composants/3d/R_0402_1005Metric.step;KiCad, geometrie generique du boitier;${KIPRJMOD}/composants/controle/RC0402FR-07200RL.pdf;${KIPRJMOD}/composants/pdf/Yageo_RC.pdf;https://www.mouser.com/datasheet/2/447/PYu-RC0402_51_RoHS_L_6_r-8721.pdf;DigiKey France;311-200LRCT-ND;https://www.digikey.fr/en/products/detail/yageo/RC0402FR-07200RL/2827569;Rupture au releve;"Relevé web; stock et prix variables.";0.09;EUR HT par piece, hors port;1;2026-09-27;0;2026-09-27
UART_I2C.kicad_sch;R27;RC0402FR-07200RL;Resistor_SMD:R_0402_1005Metric;Composant achete;FC01_Project:UART_I2C__R_Small;${KIPRJMOD}/composants/kicad/FC01_Project.kicad_sym;${KIPRJMOD}/composants/kicad/vendor/Resistor_SMD.pretty/R_0402_1005Metric.kicad_mod;${KIPRJMOD}/composants/3d/R_0402_1005Metric.step;KiCad, geometrie generique du boitier;${KIPRJMOD}/composants/controle/RC0402FR-07200RL.pdf;${KIPRJMOD}/composants/pdf/Yageo_RC.pdf;https://www.mouser.com/datasheet/2/447/PYu-RC0402_51_RoHS_L_6_r-8721.pdf;DigiKey France;311-200LRCT-ND;https://www.digikey.fr/en/products/detail/yageo/RC0402FR-07200RL/2827569;Rupture au releve;"Relevé web; stock et prix variables.";0.09;EUR HT par piece, hors port;1;2026-09-27;0;2026-09-27
UART_I2C.kicad_sch;R28;RC0402FR-07200RL;Resistor_SMD:R_0402_1005Metric;Composant achete;FC01_Project:UART_I2C__R_Small;${KIPRJMOD}/composants/kicad/FC01_Project.kicad_sym;${KIPRJMOD}/composants/kicad/vendor/Resistor_SMD.pretty/R_0402_1005Metric.kicad_mod;${KIPRJMOD}/composants/3d/R_0402_1005Metric.step;KiCad, geometrie generique du boitier;${KIPRJMOD}/composants/controle/RC0402FR-07200RL.pdf;${KIPRJMOD}/composants/pdf/Yageo_RC.pdf;https://www.mouser.com/datasheet/2/447/PYu-RC0402_51_RoHS_L_6_r-8721.pdf;DigiKey France;311-200LRCT-ND;https://www.digikey.fr/en/products/detail/yageo/RC0402FR-07200RL/2827569;Rupture au releve;"Relevé web; stock et prix variables.";0.09;EUR HT par piece, hors port;1;2026-09-27;0;2026-09-27
UART_I2C.kicad_sch;R29;RC0402FR-07200RL;Resistor_SMD:R_0402_1005Metric;Composant achete;FC01_Project:UART_I2C__R_Small;${KIPRJMOD}/composants/kicad/FC01_Project.kicad_sym;${KIPRJMOD}/composants/kicad/vendor/Resistor_SMD.pretty/R_0402_1005Metric.kicad_mod;${KIPRJMOD}/composants/3d/R_0402_1005Metric.step;KiCad, geometrie generique du boitier;${KIPRJMOD}/composants/controle/RC0402FR-07200RL.pdf;${KIPRJMOD}/composants/pdf/Yageo_RC.pdf;https://www.mouser.com/datasheet/2/447/PYu-RC0402_51_RoHS_L_6_r-8721.pdf;DigiKey France;311-200LRCT-ND;https://www.digikey.fr/en/products/detail/yageo/RC0402FR-07200RL/2827569;Rupture au releve;"Relevé web; stock et prix variables.";0.09;EUR HT par piece, hors port;1;2026-09-27;0;2026-09-27
UART_I2C.kicad_sch;R30;RC0402FR-07200RL;Resistor_SMD:R_0402_1005Metric;Composant achete;FC01_Project:UART_I2C__R_Small;${KIPRJMOD}/composants/kicad/FC01_Project.kicad_sym;${KIPRJMOD}/composants/kicad/vendor/Resistor_SMD.pretty/R_0402_1005Metric.kicad_mod;${KIPRJMOD}/composants/3d/R_0402_1005Metric.step;KiCad, geometrie generique du boitier;${KIPRJMOD}/composants/controle/RC0402FR-07200RL.pdf;${KIPRJMOD}/composants/pdf/Yageo_RC.pdf;https://www.mouser.com/datasheet/2/447/PYu-RC0402_51_RoHS_L_6_r-8721.pdf;DigiKey France;311-200LRCT-ND;https://www.digikey.fr/en/products/detail/yageo/RC0402FR-07200RL/2827569;Rupture au releve;"Relevé web; stock et prix variables.";0.09;EUR HT par piece, hors port;1;2026-09-27;0;2026-09-27
UART_I2C.kicad_sch;R31;RC0402FR-07200RL;Resistor_SMD:R_0402_1005Metric;Composant achete;FC01_Project:UART_I2C__R_Small;${KIPRJMOD}/composants/kicad/FC01_Project.kicad_sym;${KIPRJMOD}/composants/kicad/vendor/Resistor_SMD.pretty/R_0402_1005Metric.kicad_mod;${KIPRJMOD}/composants/3d/R_0402_1005Metric.step;KiCad, geometrie generique du boitier;${KIPRJMOD}/composants/controle/RC0402FR-07200RL.pdf;${KIPRJMOD}/composants/pdf/Yageo_RC.pdf;https://www.mouser.com/datasheet/2/447/PYu-RC0402_51_RoHS_L_6_r-8721.pdf;DigiKey France;311-200LRCT-ND;https://www.digikey.fr/en/products/detail/yageo/RC0402FR-07200RL/2827569;Rupture au releve;"Relevé web; stock et prix variables.";0.09;EUR HT par piece, hors port;1;2026-09-27;0;2026-09-27
UART_I2C.kicad_sch;R32;RC0402FR-07200RL;Resistor_SMD:R_0402_1005Metric;Composant achete;FC01_Project:UART_I2C__R_Small;${KIPRJMOD}/composants/kicad/FC01_Project.kicad_sym;${KIPRJMOD}/composants/kicad/vendor/Resistor_SMD.pretty/R_0402_1005Metric.kicad_mod;${KIPRJMOD}/composants/3d/R_0402_1005Metric.step;KiCad, geometrie generique du boitier;${KIPRJMOD}/composants/controle/RC0402FR-07200RL.pdf;${KIPRJMOD}/composants/pdf/Yageo_RC.pdf;https://www.mouser.com/datasheet/2/447/PYu-RC0402_51_RoHS_L_6_r-8721.pdf;DigiKey France;311-200LRCT-ND;https://www.digikey.fr/en/products/detail/yageo/RC0402FR-07200RL/2827569;Rupture au releve;"Relevé web; stock et prix variables.";0.09;EUR HT par piece, hors port;1;2026-09-27;0;2026-09-27
UART_I2C.kicad_sch;R33;RC0402FR-07200RL;Resistor_SMD:R_0402_1005Metric;Composant achete;FC01_Project:UART_I2C__R_Small;${KIPRJMOD}/composants/kicad/FC01_Project.kicad_sym;${KIPRJMOD}/composants/kicad/vendor/Resistor_SMD.pretty/R_0402_1005Metric.kicad_mod;${KIPRJMOD}/composants/3d/R_0402_1005Metric.step;KiCad, geometrie generique du boitier;${KIPRJMOD}/composants/controle/RC0402FR-07200RL.pdf;${KIPRJMOD}/composants/pdf/Yageo_RC.pdf;https://www.mouser.com/datasheet/2/447/PYu-RC0402_51_RoHS_L_6_r-8721.pdf;DigiKey France;311-200LRCT-ND;https://www.digikey.fr/en/products/detail/yageo/RC0402FR-07200RL/2827569;Rupture au releve;"Relevé web; stock et prix variables.";0.09;EUR HT par piece, hors port;1;2026-09-27;0;2026-09-27
SENSORS.kicad_sch;R34;RC0402JR-070RL;Resistor_SMD:R_0402_1005Metric;Composant achete;FC01_Project:SENSORS__R_Small;${KIPRJMOD}/composants/kicad/FC01_Project.kicad_sym;${KIPRJMOD}/composants/kicad/vendor/Resistor_SMD.pretty/R_0402_1005Metric.kicad_mod;${KIPRJMOD}/composants/3d/R_0402_1005Metric.step;KiCad, geometrie generique du boitier;${KIPRJMOD}/composants/controle/RC0402JR-070RL.pdf;${KIPRJMOD}/composants/pdf/Yageo_RC.pdf;https://www.mouser.com/datasheet/2/447/PYu-RC0402_51_RoHS_L_6_r-8721.pdf;DigiKey France;311-0.0JRCT-ND;https://www.digikey.fr/en/products/detail/yageo/RC0402JR-070RL/729353;Stock positif au releve;"Relevé web; stock et prix variables.";0.09;EUR HT par piece, hors port;1;2026-09-27;11678700;2026-09-27
SENSORS.kicad_sch;R35;RC0402JR-070RL;Resistor_SMD:R_0402_1005Metric;Composant achete;FC01_Project:SENSORS__R_Small;${KIPRJMOD}/composants/kicad/FC01_Project.kicad_sym;${KIPRJMOD}/composants/kicad/vendor/Resistor_SMD.pretty/R_0402_1005Metric.kicad_mod;${KIPRJMOD}/composants/3d/R_0402_1005Metric.step;KiCad, geometrie generique du boitier;${KIPRJMOD}/composants/controle/RC0402JR-070RL.pdf;${KIPRJMOD}/composants/pdf/Yageo_RC.pdf;https://www.mouser.com/datasheet/2/447/PYu-RC0402_51_RoHS_L_6_r-8721.pdf;DigiKey France;311-0.0JRCT-ND;https://www.digikey.fr/en/products/detail/yageo/RC0402JR-070RL/729353;Stock positif au releve;"Relevé web; stock et prix variables.";0.09;EUR HT par piece, hors port;1;2026-09-27;11678700;2026-09-27
SENSORS.kicad_sch;R36;RC0402JR-070RL;Resistor_SMD:R_0402_1005Metric;Composant achete;FC01_Project:SENSORS__R_Small;${KIPRJMOD}/composants/kicad/FC01_Project.kicad_sym;${KIPRJMOD}/composants/kicad/vendor/Resistor_SMD.pretty/R_0402_1005Metric.kicad_mod;${KIPRJMOD}/composants/3d/R_0402_1005Metric.step;KiCad, geometrie generique du boitier;${KIPRJMOD}/composants/controle/RC0402JR-070RL.pdf;${KIPRJMOD}/composants/pdf/Yageo_RC.pdf;https://www.mouser.com/datasheet/2/447/PYu-RC0402_51_RoHS_L_6_r-8721.pdf;DigiKey France;311-0.0JRCT-ND;https://www.digikey.fr/en/products/detail/yageo/RC0402JR-070RL/729353;Stock positif au releve;"Relevé web; stock et prix variables.";0.09;EUR HT par piece, hors port;1;2026-09-27;11678700;2026-09-27
SENSORS.kicad_sch;R37;RC0402FR-074K7L;Resistor_SMD:R_0402_1005Metric;Composant achete;FC01_Project:SENSORS__R_Small;${KIPRJMOD}/composants/kicad/FC01_Project.kicad_sym;${KIPRJMOD}/composants/kicad/vendor/Resistor_SMD.pretty/R_0402_1005Metric.kicad_mod;${KIPRJMOD}/composants/3d/R_0402_1005Metric.step;KiCad, geometrie generique du boitier;${KIPRJMOD}/composants/controle/RC0402FR-074K7L.pdf;${KIPRJMOD}/composants/pdf/Yageo_RC.pdf;https://www.mouser.com/datasheet/2/447/PYu-RC0402_51_RoHS_L_6_r-8721.pdf;DigiKey France;311-4.7KLRCT-ND;https://www.digikey.fr/en/products/detail/yageo/RC0402FR-074K7L/2827563;Rupture au releve;"Relevé web; stock et prix variables.";0.09;EUR HT par piece, hors port;1;2026-09-27;0;2026-09-27
SENSORS.kicad_sch;R38;RC0402FR-074K7L;Resistor_SMD:R_0402_1005Metric;Composant achete;FC01_Project:SENSORS__R_Small;${KIPRJMOD}/composants/kicad/FC01_Project.kicad_sym;${KIPRJMOD}/composants/kicad/vendor/Resistor_SMD.pretty/R_0402_1005Metric.kicad_mod;${KIPRJMOD}/composants/3d/R_0402_1005Metric.step;KiCad, geometrie generique du boitier;${KIPRJMOD}/composants/controle/RC0402FR-074K7L.pdf;${KIPRJMOD}/composants/pdf/Yageo_RC.pdf;https://www.mouser.com/datasheet/2/447/PYu-RC0402_51_RoHS_L_6_r-8721.pdf;DigiKey France;311-4.7KLRCT-ND;https://www.digikey.fr/en/products/detail/yageo/RC0402FR-074K7L/2827563;Rupture au releve;"Relevé web; stock et prix variables.";0.09;EUR HT par piece, hors port;1;2026-09-27;0;2026-09-27
BUZZER.kicad_sch;R39;RC0402FR-071KL;Resistor_SMD:R_0402_1005Metric;Composant achete;FC01_Project:BUZZER__R_Small;${KIPRJMOD}/composants/kicad/FC01_Project.kicad_sym;${KIPRJMOD}/composants/kicad/vendor/Resistor_SMD.pretty/R_0402_1005Metric.kicad_mod;${KIPRJMOD}/composants/3d/R_0402_1005Metric.step;KiCad, geometrie generique du boitier;${KIPRJMOD}/composants/controle/RC0402FR-071KL.pdf;${KIPRJMOD}/composants/pdf/Yageo_RC.pdf;https://www.mouser.com/datasheet/2/447/PYu-RC0402_51_RoHS_L_6_r-8721.pdf;DigiKey France;311-1.00KLRCT-ND;https://www.digikey.fr/fr/products/detail/yageo/RC0402FR-071KL/726513;Stock positif au releve;"Relevé web; stock et prix variables.";0.09;EUR HT par piece, hors port;1;2026-09-27;5940542;2026-09-27
BUZZER.kicad_sch;R40;RC0402FR-0710KL;Resistor_SMD:R_0402_1005Metric;Composant achete;FC01_Project:BUZZER__R_Small;${KIPRJMOD}/composants/kicad/FC01_Project.kicad_sym;${KIPRJMOD}/composants/kicad/vendor/Resistor_SMD.pretty/R_0402_1005Metric.kicad_mod;${KIPRJMOD}/composants/3d/R_0402_1005Metric.step;KiCad, geometrie generique du boitier;${KIPRJMOD}/composants/controle/RC0402FR-0710KL.pdf;${KIPRJMOD}/composants/pdf/Yageo_RC.pdf;https://www.mouser.com/datasheet/2/447/PYu-RC0402_51_RoHS_L_6_r-8721.pdf;DigiKey France;311-10.0KLRCT-ND;https://www.digikey.fr/fr/products/detail/yageo/RC0402FR-0710KL/726523;Stock positif au releve;"Relevé web; stock et prix variables.";0.09;EUR HT par piece, hors port;1;2026-09-27;9912210;2026-09-27
MICRO_SD.kicad_sch;R41;RC0402FR-0710KL;Resistor_SMD:R_0402_1005Metric;Composant achete;FC01_Project:MICRO_SD__R_Small;${KIPRJMOD}/composants/kicad/FC01_Project.kicad_sym;${KIPRJMOD}/composants/kicad/vendor/Resistor_SMD.pretty/R_0402_1005Metric.kicad_mod;${KIPRJMOD}/composants/3d/R_0402_1005Metric.step;KiCad, geometrie generique du boitier;${KIPRJMOD}/composants/controle/RC0402FR-0710KL.pdf;${KIPRJMOD}/composants/pdf/Yageo_RC.pdf;https://www.mouser.com/datasheet/2/447/PYu-RC0402_51_RoHS_L_6_r-8721.pdf;DigiKey France;311-10.0KLRCT-ND;https://www.digikey.fr/fr/products/detail/yageo/RC0402FR-0710KL/726523;Stock positif au releve;"Relevé web; stock et prix variables.";0.09;EUR HT par piece, hors port;1;2026-09-27;9912210;2026-09-27
MICRO_SD.kicad_sch;R42;RC0402FR-0710KL;Resistor_SMD:R_0402_1005Metric;Composant achete;FC01_Project:MICRO_SD__R_Small;${KIPRJMOD}/composants/kicad/FC01_Project.kicad_sym;${KIPRJMOD}/composants/kicad/vendor/Resistor_SMD.pretty/R_0402_1005Metric.kicad_mod;${KIPRJMOD}/composants/3d/R_0402_1005Metric.step;KiCad, geometrie generique du boitier;${KIPRJMOD}/composants/controle/RC0402FR-0710KL.pdf;${KIPRJMOD}/composants/pdf/Yageo_RC.pdf;https://www.mouser.com/datasheet/2/447/PYu-RC0402_51_RoHS_L_6_r-8721.pdf;DigiKey France;311-10.0KLRCT-ND;https://www.digikey.fr/fr/products/detail/yageo/RC0402FR-0710KL/726523;Stock positif au releve;"Relevé web; stock et prix variables.";0.09;EUR HT par piece, hors port;1;2026-09-27;9912210;2026-09-27
MICRO_SD.kicad_sch;R43;RC0402FR-0710KL;Resistor_SMD:R_0402_1005Metric;Composant achete;FC01_Project:MICRO_SD__R_Small;${KIPRJMOD}/composants/kicad/FC01_Project.kicad_sym;${KIPRJMOD}/composants/kicad/vendor/Resistor_SMD.pretty/R_0402_1005Metric.kicad_mod;${KIPRJMOD}/composants/3d/R_0402_1005Metric.step;KiCad, geometrie generique du boitier;${KIPRJMOD}/composants/controle/RC0402FR-0710KL.pdf;${KIPRJMOD}/composants/pdf/Yageo_RC.pdf;https://www.mouser.com/datasheet/2/447/PYu-RC0402_51_RoHS_L_6_r-8721.pdf;DigiKey France;311-10.0KLRCT-ND;https://www.digikey.fr/fr/products/detail/yageo/RC0402FR-0710KL/726523;Stock positif au releve;"Relevé web; stock et prix variables.";0.09;EUR HT par piece, hors port;1;2026-09-27;9912210;2026-09-27
MICRO_SD.kicad_sch;R44;RC0402FR-0710KL;Resistor_SMD:R_0402_1005Metric;Composant achete;FC01_Project:MICRO_SD__R_Small;${KIPRJMOD}/composants/kicad/FC01_Project.kicad_sym;${KIPRJMOD}/composants/kicad/vendor/Resistor_SMD.pretty/R_0402_1005Metric.kicad_mod;${KIPRJMOD}/composants/3d/R_0402_1005Metric.step;KiCad, geometrie generique du boitier;${KIPRJMOD}/composants/controle/RC0402FR-0710KL.pdf;${KIPRJMOD}/composants/pdf/Yageo_RC.pdf;https://www.mouser.com/datasheet/2/447/PYu-RC0402_51_RoHS_L_6_r-8721.pdf;DigiKey France;311-10.0KLRCT-ND;https://www.digikey.fr/fr/products/detail/yageo/RC0402FR-0710KL/726523;Stock positif au releve;"Relevé web; stock et prix variables.";0.09;EUR HT par piece, hors port;1;2026-09-27;9912210;2026-09-27
MICRO_SD.kicad_sch;R45;RC0402FR-0710KL;Resistor_SMD:R_0402_1005Metric;Composant achete;FC01_Project:MICRO_SD__R_Small;${KIPRJMOD}/composants/kicad/FC01_Project.kicad_sym;${KIPRJMOD}/composants/kicad/vendor/Resistor_SMD.pretty/R_0402_1005Metric.kicad_mod;${KIPRJMOD}/composants/3d/R_0402_1005Metric.step;KiCad, geometrie generique du boitier;${KIPRJMOD}/composants/controle/RC0402FR-0710KL.pdf;${KIPRJMOD}/composants/pdf/Yageo_RC.pdf;https://www.mouser.com/datasheet/2/447/PYu-RC0402_51_RoHS_L_6_r-8721.pdf;DigiKey France;311-10.0KLRCT-ND;https://www.digikey.fr/fr/products/detail/yageo/RC0402FR-0710KL/726523;Stock positif au releve;"Relevé web; stock et prix variables.";0.09;EUR HT par piece, hors port;1;2026-09-27;9912210;2026-09-27
MICRO_SD.kicad_sch;R46;RC0402FR-0710KL;Resistor_SMD:R_0402_1005Metric;Composant achete;FC01_Project:MICRO_SD__R_Small;${KIPRJMOD}/composants/kicad/FC01_Project.kicad_sym;${KIPRJMOD}/composants/kicad/vendor/Resistor_SMD.pretty/R_0402_1005Metric.kicad_mod;${KIPRJMOD}/composants/3d/R_0402_1005Metric.step;KiCad, geometrie generique du boitier;${KIPRJMOD}/composants/controle/RC0402FR-0710KL.pdf;${KIPRJMOD}/composants/pdf/Yageo_RC.pdf;https://www.mouser.com/datasheet/2/447/PYu-RC0402_51_RoHS_L_6_r-8721.pdf;DigiKey France;311-10.0KLRCT-ND;https://www.digikey.fr/fr/products/detail/yageo/RC0402FR-0710KL/726523;Stock positif au releve;"Relevé web; stock et prix variables.";0.09;EUR HT par piece, hors port;1;2026-09-27;9912210;2026-09-27
MOTORS[1-4].kicad_sch;R47;RC0402FR-07200RL;Resistor_SMD:R_0402_1005Metric;Composant achete;FC01_Project:MOTORS1-4__R_Small;${KIPRJMOD}/composants/kicad/FC01_Project.kicad_sym;${KIPRJMOD}/composants/kicad/vendor/Resistor_SMD.pretty/R_0402_1005Metric.kicad_mod;${KIPRJMOD}/composants/3d/R_0402_1005Metric.step;KiCad, geometrie generique du boitier;${KIPRJMOD}/composants/controle/RC0402FR-07200RL.pdf;${KIPRJMOD}/composants/pdf/Yageo_RC.pdf;https://www.mouser.com/datasheet/2/447/PYu-RC0402_51_RoHS_L_6_r-8721.pdf;DigiKey France;311-200LRCT-ND;https://www.digikey.fr/en/products/detail/yageo/RC0402FR-07200RL/2827569;Rupture au releve;"Relevé web; stock et prix variables.";0.09;EUR HT par piece, hors port;1;2026-09-27;0;2026-09-27
MOTORS[1-4].kicad_sch;R48;RC0402FR-07200RL;Resistor_SMD:R_0402_1005Metric;Composant achete;FC01_Project:MOTORS1-4__R_Small;${KIPRJMOD}/composants/kicad/FC01_Project.kicad_sym;${KIPRJMOD}/composants/kicad/vendor/Resistor_SMD.pretty/R_0402_1005Metric.kicad_mod;${KIPRJMOD}/composants/3d/R_0402_1005Metric.step;KiCad, geometrie generique du boitier;${KIPRJMOD}/composants/controle/RC0402FR-07200RL.pdf;${KIPRJMOD}/composants/pdf/Yageo_RC.pdf;https://www.mouser.com/datasheet/2/447/PYu-RC0402_51_RoHS_L_6_r-8721.pdf;DigiKey France;311-200LRCT-ND;https://www.digikey.fr/en/products/detail/yageo/RC0402FR-07200RL/2827569;Rupture au releve;"Relevé web; stock et prix variables.";0.09;EUR HT par piece, hors port;1;2026-09-27;0;2026-09-27
MOTORS[1-4].kicad_sch;R49;RC0402FR-07200RL;Resistor_SMD:R_0402_1005Metric;Composant achete;FC01_Project:MOTORS1-4__R_Small;${KIPRJMOD}/composants/kicad/FC01_Project.kicad_sym;${KIPRJMOD}/composants/kicad/vendor/Resistor_SMD.pretty/R_0402_1005Metric.kicad_mod;${KIPRJMOD}/composants/3d/R_0402_1005Metric.step;KiCad, geometrie generique du boitier;${KIPRJMOD}/composants/controle/RC0402FR-07200RL.pdf;${KIPRJMOD}/composants/pdf/Yageo_RC.pdf;https://www.mouser.com/datasheet/2/447/PYu-RC0402_51_RoHS_L_6_r-8721.pdf;DigiKey France;311-200LRCT-ND;https://www.digikey.fr/en/products/detail/yageo/RC0402FR-07200RL/2827569;Rupture au releve;"Relevé web; stock et prix variables.";0.09;EUR HT par piece, hors port;1;2026-09-27;0;2026-09-27
MOTORS[1-4].kicad_sch;R50;RC0402FR-07200RL;Resistor_SMD:R_0402_1005Metric;Composant achete;FC01_Project:MOTORS1-4__R_Small;${KIPRJMOD}/composants/kicad/FC01_Project.kicad_sym;${KIPRJMOD}/composants/kicad/vendor/Resistor_SMD.pretty/R_0402_1005Metric.kicad_mod;${KIPRJMOD}/composants/3d/R_0402_1005Metric.step;KiCad, geometrie generique du boitier;${KIPRJMOD}/composants/controle/RC0402FR-07200RL.pdf;${KIPRJMOD}/composants/pdf/Yageo_RC.pdf;https://www.mouser.com/datasheet/2/447/PYu-RC0402_51_RoHS_L_6_r-8721.pdf;DigiKey France;311-200LRCT-ND;https://www.digikey.fr/en/products/detail/yageo/RC0402FR-07200RL/2827569;Rupture au releve;"Relevé web; stock et prix variables.";0.09;EUR HT par piece, hors port;1;2026-09-27;0;2026-09-27
MCU.kicad_sch;TP1;;TestPoint:TestPoint_Pad_1.0x1.0mm;"Element fabrique dans le PCB; aucun composant achete";FC01_Project:MCU__TestPoint;${KIPRJMOD}/composants/kicad/FC01_Project.kicad_sym;${KIPRJMOD}/composants/kicad/vendor/TestPoint.pretty/TestPoint_Pad_1.0x1.0mm.kicad_mod;;Non applicable: cuivre, point test, cavalier ou trou du PCB;${KIPRJMOD}/composants/controle/elements_PCB.pdf;;;Non applicable;;;Pas de composant a commander;Voir Component_PDF pour le symbole et le dessin de cuivre/perçage;;;;;;
MCU.kicad_sch;TP2;;TestPoint:TestPoint_Pad_1.0x1.0mm;"Element fabrique dans le PCB; aucun composant achete";FC01_Project:MCU__TestPoint;${KIPRJMOD}/composants/kicad/FC01_Project.kicad_sym;${KIPRJMOD}/composants/kicad/vendor/TestPoint.pretty/TestPoint_Pad_1.0x1.0mm.kicad_mod;;Non applicable: cuivre, point test, cavalier ou trou du PCB;${KIPRJMOD}/composants/controle/elements_PCB.pdf;;;Non applicable;;;Pas de composant a commander;Voir Component_PDF pour le symbole et le dessin de cuivre/perçage;;;;;;
MCU.kicad_sch;TP3;;TestPoint:TestPoint_Pad_1.0x1.0mm;"Element fabrique dans le PCB; aucun composant achete";FC01_Project:MCU__TestPoint;${KIPRJMOD}/composants/kicad/FC01_Project.kicad_sym;${KIPRJMOD}/composants/kicad/vendor/TestPoint.pretty/TestPoint_Pad_1.0x1.0mm.kicad_mod;;Non applicable: cuivre, point test, cavalier ou trou du PCB;${KIPRJMOD}/composants/controle/elements_PCB.pdf;;;Non applicable;;;Pas de composant a commander;Voir Component_PDF pour le symbole et le dessin de cuivre/perçage;;;;;;
MCU.kicad_sch;TP4;;TestPoint:TestPoint_Pad_1.0x1.0mm;"Element fabrique dans le PCB; aucun composant achete";FC01_Project:MCU__TestPoint;${KIPRJMOD}/composants/kicad/FC01_Project.kicad_sym;${KIPRJMOD}/composants/kicad/vendor/TestPoint.pretty/TestPoint_Pad_1.0x1.0mm.kicad_mod;;Non applicable: cuivre, point test, cavalier ou trou du PCB;${KIPRJMOD}/composants/controle/elements_PCB.pdf;;;Non applicable;;;Pas de composant a commander;Voir Component_PDF pour le symbole et le dessin de cuivre/perçage;;;;;;
H743_Ardupilot.kicad_sch;U1;USBLC6-2P6;USBLC6_2P6:SOT50P160X60-6N;Composant achete;FC01_Project:H743_Ardupilot__USBLC6-2P6;${KIPRJMOD}/composants/kicad/FC01_Project.kicad_sym;${KIPRJMOD}/composants/kicad/USBLC6_2P6.pretty/SOT50P160X60-6N.kicad_mod;${KIPRJMOD}/composants/3d/SOT-666.step;"KiCad SOT-666, boitier nominal; modèle fournisseur privé utilisé pour comparaison";${KIPRJMOD}/composants/controle/USBLC6-2P6.pdf;${KIPRJMOD}/composants/pdf/U1_datasheet.pdf;https://www.st.com/resource/en/datasheet/usblc6-2.pdf;DigiKey France;497-5026-1-ND;https://www.digikey.fr/fr/products/detail/stmicroelectronics/USBLC6-2P6/1007440?s=N4Ig7CBcoIYE5QIwA5EGYA0IYBcmZAAcBLJAFgFYKBOABjLIF9Gg;Stock positif au releve;"Relevé web; stock et prix variables.";0.56;EUR HT par piece, hors port;1;2026-09-27;43170;2026-09-27
MCU.kicad_sch;U2;STM32H743VIT6;Package_QFP:LQFP-100_14x14mm_P0.5mm;Composant achete;FC01_Project:MCU__STM32H743VITx;${KIPRJMOD}/composants/kicad/FC01_Project.kicad_sym;${KIPRJMOD}/composants/kicad/vendor/Package_QFP.pretty/LQFP-100_14x14mm_P0.5mm.kicad_mod;${KIPRJMOD}/composants/3d/LQFP-100_14x14mm_P0.5mm.step;KiCad, geometrie generique du boitier;${KIPRJMOD}/composants/controle/STM32H743VIT6.pdf;${KIPRJMOD}/composants/pdf/U2_datasheet.pdf;https://www.st.com/resource/en/datasheet/stm32h743vi.pdf;DigiKey France;497-17720-ND;https://www.digikey.fr/fr/products/detail/stmicroelectronics/STM32H743VIT6/7809237?s=N4Ig7CBcoIYE5QIwA5EGYA0IYBcmZAAcBLKANgAYAmRATmSoF9Gg;Rupture au releve;"Relevé web; stock et prix variables.";14.27;EUR HT par piece, hors port;1;2026-09-27;0;2026-09-27
POWER.kicad_sch;U3;LMR43620R5RPER;H743_Custom:TI_RPE0009B_VQFN-HR-9_2x2mm;Composant achete;FC01_Project:POWER__LMR43620R5RPER;${KIPRJMOD}/composants/kicad/FC01_Project.kicad_sym;${KIPRJMOD}/composants/kicad/footprints.pretty/TI_RPE0009B_VQFN-HR-9_2x2mm.kicad_mod;${KIPRJMOD}/composants/3d/LMR43620_RPE0009B_envelope.step;"ENVELOPPE RECONSTRUITE: volume du boitier uniquement; contacts et tolerances non representes";${KIPRJMOD}/composants/controle/LMR43620R5RPER.pdf;${KIPRJMOD}/composants/pdf/U3_datasheet.pdf;https://www.ti.com/lit/ds/symlink/lmr43620.pdf;DigiKey France;296-LMR43620R5RPERCT-ND;https://www.digikey.fr/fr/products/detail/texas-instruments/LMR43620R5RPER/20414090;Stock positif au releve;"Relevé web; stock et prix variables.";1.94;EUR HT par piece, hors port;1;2026-09-27;5342;2026-09-27
POWER.kicad_sch;U4;LMR604303SRAKRQ1;H743_Custom:TI_RAK0009A_WQFN-HR-9_2.5x2.0mm;Composant achete;FC01_Project:POWER__LMR604303SRAKRQ1;${KIPRJMOD}/composants/kicad/FC01_Project.kicad_sym;${KIPRJMOD}/composants/kicad/footprints.pretty/TI_RAK0009A_WQFN-HR-9_2.5x2.0mm.kicad_mod;${KIPRJMOD}/composants/3d/LMR60430_RAK0009A_envelope.step;"ENVELOPPE RECONSTRUITE: volume du boitier uniquement; contacts et tolerances non representes";${KIPRJMOD}/composants/controle/LMR604303SRAKRQ1.pdf;${KIPRJMOD}/composants/pdf/U4_datasheet.pdf;https://www.ti.com/lit/ds/symlink/lmr60430-q1.pdf;DigiKey France;296-LMR604303SRAKRQ1CT-ND;https://www.digikey.fr/en/products/detail/texas-instruments/LMR604303SRAKRQ1/26812419?s=N4Ig7CBcoIYE5QIwA5EGYA0IYBcmZAAcBLKAJgFYU0BOABjQF9Gg;Stock positif au releve;"Relevé web; stock et prix variables.";2.2;EUR HT par piece, hors port;1;2026-09-27;2359;2026-09-27
POWER.kicad_sch;U5;AP7361C-33FGE-7;H743_Custom:Diodes_U-DFN3030-8_TypeE;Composant achete;FC01_Project:POWER__AP7361C-33FGE-7;${KIPRJMOD}/composants/kicad/FC01_Project.kicad_sym;${KIPRJMOD}/composants/kicad/footprints.pretty/Diodes_U-DFN3030-8_TypeE.kicad_mod;${KIPRJMOD}/composants/3d/DFN-8-1EP_3x3mm_P0.65mm_EP1.5x2.25mm.step;KiCad: EP nominal 1.5 x 2.25, pads PCB maximaux 1.6 x 2.35 (Diodes p.17/20);${KIPRJMOD}/composants/controle/AP7361C-33FGE-7.pdf;${KIPRJMOD}/composants/pdf/AP7361C.pdf;https://docs.sparkfun.com/SparkFun_GNSS_Flex_System/SparkFun_GNSS_Flex_Breakout/assets/component_documentation/AP7361C.pdf;DigiKey France;AP7361C-33FGE-7DICT-ND;https://www.digikey.fr/en/products/detail/diodes-incorporated/AP7361C-33FGE-7/5638320;Stock positif au releve;"Relevé web; stock et prix variables.";0.49;EUR HT par piece, hors port;1;2026-09-27;3118;2026-09-27
POWER.kicad_sch;U6;AP7361C-33FGE-7;H743_Custom:Diodes_U-DFN3030-8_TypeE;Composant achete;FC01_Project:POWER__AP7361C-33FGE-7;${KIPRJMOD}/composants/kicad/FC01_Project.kicad_sym;${KIPRJMOD}/composants/kicad/footprints.pretty/Diodes_U-DFN3030-8_TypeE.kicad_mod;${KIPRJMOD}/composants/3d/DFN-8-1EP_3x3mm_P0.65mm_EP1.5x2.25mm.step;KiCad: EP nominal 1.5 x 2.25, pads PCB maximaux 1.6 x 2.35 (Diodes p.17/20);${KIPRJMOD}/composants/controle/AP7361C-33FGE-7.pdf;${KIPRJMOD}/composants/pdf/AP7361C.pdf;https://docs.sparkfun.com/SparkFun_GNSS_Flex_System/SparkFun_GNSS_Flex_Breakout/assets/component_documentation/AP7361C.pdf;DigiKey France;AP7361C-33FGE-7DICT-ND;https://www.digikey.fr/en/products/detail/diodes-incorporated/AP7361C-33FGE-7/5638320;Stock positif au releve;"Relevé web; stock et prix variables.";0.49;EUR HT par piece, hors port;1;2026-09-27;3118;2026-09-27
CAN.kicad_sch;U7;TJA1051TK/3,118;Package_SON:HVSON-8-1EP_3x3mm_P0.65mm_EP1.6x2.4mm;Composant achete;FC01_Project:CAN__TJA1051TK-3;${KIPRJMOD}/composants/kicad/FC01_Project.kicad_sym;${KIPRJMOD}/composants/kicad/vendor/Package_SON.pretty/HVSON-8-1EP_3x3mm_P0.65mm_EP1.6x2.4mm.kicad_mod;${KIPRJMOD}/composants/3d/TJA1051_HVSON8_envelope.step;"ENVELOPPE RECONSTRUITE: volume du boitier uniquement; contacts et tolerances non representes";${KIPRJMOD}/composants/controle/TJA1051TK_3_118.pdf;${KIPRJMOD}/composants/pdf/U7_datasheet.pdf;https://www.nxp.com/docs/en/data-sheet/TJA1051.pdf;DigiKey France;568-8686-1-ND;https://www.digikey.fr/fr/products/detail/nxp-usa-inc/TJA1051TK-3-118/2803572;Stock positif au releve;"Relevé web; stock et prix variables. Derniere date d achat annoncee: 26/12/2026; verifier cycle de vie.";1.65;EUR HT par piece, hors port;1;2026-09-27;20970;2026-09-27
CAN.kicad_sch;U8;SM04B-GHS-TB(LF)(SN);H743_Custom:JST_GH_SM04B-GHS-TB_1x04_P1.25mm_Horizontal_GNDtabs;Composant achete;FC01_Project:CAN__JST_GH_SM04B_GHS_TB_4P;${KIPRJMOD}/composants/kicad/FC01_Project.kicad_sym;${KIPRJMOD}/composants/kicad/footprints.pretty/JST_GH_SM04B-GHS-TB_1x04_P1.25mm_Horizontal_GNDtabs.kicad_mod;${KIPRJMOD}/composants/3d/JST_GH_SM04B-GHS-TB_1x04-1MP_P1.25mm_Horizontal.step;KiCad, geometrie generique du boitier;${KIPRJMOD}/composants/controle/SM04B-GHS-TB_LF__SN_.pdf;${KIPRJMOD}/composants/pdf/U8_datasheet.pdf;https://www.jst-mfg.com/product/pdf/eng/eGH.pdf;DigiKey France;455-1566-1-ND;https://www.digikey.fr/fr/products/detail/jst-sales-america-inc/SM04B-GHS-TB/807788;Stock positif au releve;"Relevé web; stock et prix variables.";0.33;EUR HT par piece, hors port;1;2026-09-27;2490;2026-09-27
SENSORS.kicad_sch;U9;BMI088;Package_LGA:Bosch_LGA-16_4.5x3mm_P0.5mm_LayoutBorder7x1y_ClockwisePinNumbering;Composant achete;FC01_Project:SENSORS__BMI088;${KIPRJMOD}/composants/kicad/FC01_Project.kicad_sym;${KIPRJMOD}/composants/kicad/vendor/Package_LGA.pretty/Bosch_LGA-16_4.5x3mm_P0.5mm_LayoutBorder7x1y_ClockwisePinNumbering.kicad_mod;${KIPRJMOD}/composants/3d/Bosch_LGA-16_4.5x3mm_P0.5mm_LayoutBorder7x1y_ClockwisePinNumbering.step;KiCad, geometrie generique du boitier;${KIPRJMOD}/composants/controle/BMI088.pdf;${KIPRJMOD}/composants/pdf/U9_datasheet.pdf;https://www.bosch-sensortec.com/media/boschsensortec/downloads/datasheets/bst-bmi088-ds001.pdf;DigiKey France;828-1082-1-ND;https://www.digikey.fr/fr/products/detail/bosch-sensortec/BMI088/8634936;Rupture au releve;"Relevé web; stock et prix variables.";5.07;EUR HT par piece, hors port;1;2026-09-27;0;2026-09-27
SENSORS.kicad_sch;U10;LSM6DSV16XTR;Package_LGA:LGA-14_3x2.5mm_P0.5mm_LayoutBorder3x4y;Composant achete;FC01_Project:SENSORS__LSM6DSV16X;${KIPRJMOD}/composants/kicad/FC01_Project.kicad_sym;${KIPRJMOD}/composants/kicad/vendor/Package_LGA.pretty/LGA-14_3x2.5mm_P0.5mm_LayoutBorder3x4y.kicad_mod;${KIPRJMOD}/composants/3d/LGA-14_3x2.5mm_P0.5mm_LayoutBorder3x4y.step;KiCad, geometrie generique du boitier;${KIPRJMOD}/composants/controle/LSM6DSV16XTR.pdf;${KIPRJMOD}/composants/pdf/U10_datasheet.pdf;https://www.st.com/resource/en/datasheet/lsm6dsv16x.pdf;DigiKey France;497-LSM6DSV16XTRCT-ND;https://www.digikey.fr/fr/products/detail/stmicroelectronics/LSM6DSV16XTR/16841485;Rupture au releve;"Relevé web; stock et prix variables.";4.92;EUR HT par piece, hors port;1;2026-09-27;0;2026-09-27
SENSORS.kicad_sch;U11;ICM-45686;H743_Custom:TDK_ICM45686_LGA14_3x2.5mm;Composant achete;FC01_Project:SENSORS__ICM-45686;${KIPRJMOD}/composants/kicad/FC01_Project.kicad_sym;${KIPRJMOD}/composants/kicad/footprints.pretty/TDK_ICM45686_LGA14_3x2.5mm.kicad_mod;${KIPRJMOD}/composants/3d/LGA-14_3x2.5mm_P0.5mm_LayoutBorder3x4y.step;KiCad, geometrie generique du boitier;${KIPRJMOD}/composants/controle/ICM-45686.pdf;${KIPRJMOD}/composants/pdf/U11_datasheet.pdf;https://www.mouser.com/catalog/specsheets/TDK_DS_000577_ICM_45686.pdf;DigiKey France;1428-ICM-45686CT-ND;https://www.digikey.fr/fr/products/detail/tdk-invensense/ICM-45686/24374985;Rupture au releve;"Relevé web; stock et prix variables.";4.5;EUR HT par piece, hors port;1;2026-09-27;0;2026-09-27
SENSORS.kicad_sch;U12;BMP581;H743_Custom:QFN10_BMP581_BOS;Composant achete;FC01_Project:SENSORS__BMP581;${KIPRJMOD}/composants/kicad/FC01_Project.kicad_sym;${KIPRJMOD}/composants/kicad/footprints.pretty/QFN10_BMP581_BOS.kicad_mod;${KIPRJMOD}/composants/3d/BMP581_envelope.step;"ENVELOPPE RECONSTRUITE: volume du boitier uniquement; contacts et tolerances non representes";${KIPRJMOD}/composants/controle/BMP581.pdf;${KIPRJMOD}/composants/pdf/U12_datasheet.pdf;https://www.bosch-sensortec.com/media/boschsensortec/downloads/datasheets/bst-bmp581-ds004.pdf;DigiKey France;828-BMP581CT-ND;https://www.digikey.fr/fr/products/detail/bosch-sensortec/BMP581/16036134;Stock positif au releve;"Relevé web; stock et prix variables.";2.63;EUR HT par piece, hors port;1;2026-09-27;462;2026-09-27
SENSORS.kicad_sch;U13;DPS368XTSA1;H743_Custom:Infineon_DPS368_PG-VLGA-8-2;Composant achete;FC01_Project:SENSORS__DPS368XTSA1_1;${KIPRJMOD}/composants/kicad/FC01_Project.kicad_sym;${KIPRJMOD}/composants/kicad/footprints.pretty/Infineon_DPS368_PG-VLGA-8-2.kicad_mod;${KIPRJMOD}/composants/3d/DPS368_envelope.step;"ENVELOPPE RECONSTRUITE: volume du boitier uniquement; contacts et tolerances non representes";${KIPRJMOD}/composants/controle/DPS368XTSA1.pdf;${KIPRJMOD}/composants/pdf/U13_datasheet.pdf;https://www.infineon.com/dgdl/Infineon-DPS368-DataSheet-v01_01-EN.pdf?fileId=5546d46269e1c019016a0c45105d4b40;DigiKey France;DPS368XTSA1CT-ND;https://www.digikey.fr/fr/products/detail/infineon-technologies/DPS368XTSA1/10244079;Rupture au releve;"Relevé web; stock et prix variables.";2.31;EUR HT par piece, hors port;1;2026-09-27;0;2026-09-27
MOTORS[1-4].kicad_sch;U14;SM08B-SRSS-TB(LF)(SN);H743_Custom:JST_SH_SM08B-SRSS-TB_1x08_P1.00mm_Horizontal_GNDtabs;Composant achete;FC01_Project:MOTORS1-4__JST_SH_SM08B_SRSS_TB_8P;${KIPRJMOD}/composants/kicad/FC01_Project.kicad_sym;${KIPRJMOD}/composants/kicad/footprints.pretty/JST_SH_SM08B-SRSS-TB_1x08_P1.00mm_Horizontal_GNDtabs.kicad_mod;${KIPRJMOD}/composants/3d/JST_SH_SM08B-SRSS-TB_1x08-1MP_P1.00mm_Horizontal.step;KiCad, geometrie generique du boitier;${KIPRJMOD}/composants/controle/SM08B-SRSS-TB_LF__SN_.pdf;${KIPRJMOD}/composants/pdf/U14_datasheet.pdf;https://www.jst-mfg.com/product/pdf/eng/eSH.pdf;DigiKey France;455-1808-1-ND;https://www.digikey.fr/fr/products/detail/jst-sales-america-inc/SM08B-SRSS-TB/926714;Stock positif au releve;"Relevé web; stock et prix variables.";0.73;EUR HT par piece, hors port;1;2026-09-27;52530;2026-09-27
H743_Ardupilot.kicad_sch;USB1;DX07S016JA1R1500;H743_Custom:JAE_DX07S016JA1R1500_16P;Composant achete;FC01_Project:H743_Ardupilot__USB_C_Receptacle_USB2.0_16P_JAE_DX07S016JA1R1500;${KIPRJMOD}/composants/kicad/FC01_Project.kicad_sym;${KIPRJMOD}/composants/kicad/footprints.pretty/JAE_DX07S016JA1R1500_16P.kicad_mod;${KIPRJMOD}/composants/3d/JAE_DX07S016JA1R1500_envelope.step;"ENVELOPPE RECONSTRUITE: limites mesurees du STEP fourni, 8.94 x 6.90 mm, z -1.05 a 3.31 mm; ni contacts ni interface de connexion; plan fabricant complet requis";${KIPRJMOD}/composants/controle/DX07S016JA1R1500.pdf;${KIPRJMOD}/composants/pdf/USB1_datasheet.pdf;https://mm.digikey.com/Volume0/opasdata/d220001/medias/docus/7162/670_DX07S016JA1R1500.pdf;DigiKey France;670-DX07S016JA1R1500CT-ND;https://www.digikey.fr/fr/products/detail/jae-electronics/DX07S016JA1R1500/11586676;Stock positif au releve;"Relevé web; stock et prix variables.";1.46;EUR HT par piece, hors port;1;2026-09-27;21765;2026-09-27
MCU.kicad_sch;Y1;CSTNE8M00GH5C000R0;H743_Custom:Murata_CSTNE_3.2x1.3_P1.2mm;Composant achete;FC01_Project:MCU__Crystal_GND3_Small;${KIPRJMOD}/composants/kicad/FC01_Project.kicad_sym;${KIPRJMOD}/composants/kicad/footprints.pretty/Murata_CSTNE_3.2x1.3_P1.2mm.kicad_mod;${KIPRJMOD}/composants/3d/Murata_CSTNE_envelope.step;"ENVELOPPE RECONSTRUITE: volume du boitier uniquement; contacts et tolerances non representes";${KIPRJMOD}/composants/controle/CSTNE8M00GH5C000R0.pdf;${KIPRJMOD}/composants/pdf/CSTNE8M.pdf;https://www.farnell.com/datasheets/3797113.pdf;DigiKey France;490-17961-1-ND;https://www.digikey.fr/fr/products/detail/murata-electronics/CSTNE8M00GH5C000R0/8747742;Stock positif au releve;"Relevé web; stock et prix variables.";0.26;EUR HT par piece, hors port;1;2026-09-27;171914;2026-09-27
